[
    {
        "fixtures": [
            {
                "details": {
                    "substitutions": [
                        {
                            "minute": "25",
                            "in": "9. Saido Berahino",
                            "out": "22. Xherdan Shaqiri"
                        },
                        {
                            "minute": "66",
                            "in": "12. Olivier Giroud",
                            "out": "31. Sead Kolasinac"
                        },
                        {
                            "minute": "71",
                            "in": "32. Ramadan Sobhi",
                            "out": "11. Jesé"
                        },
                        {
                            "minute": "78",
                            "in": "14. Theo Walcott",
                            "out": "9. Alexandre Lacazette"
                        },
                        {
                            "minute": "79",
                            "in": "17. Alex Iwobi",
                            "out": "29. Granit Xhaka"
                        },
                        {
                            "minute": "89",
                            "in": "15. Bruno Martins Indi",
                            "out": "3. Erik Pieters"
                        }
                    ],
                    "goals": [
                        {
                            "own_goal": "false",
                            "assist": "Saido Berahino",
                            "scorer": "11. Jesé",
                            "minute": "47"
                        }
                    ],
                    "cards": [],
                    "referee": "Andre Marriner",
                    "kick_off": "17:30"
                },
                "away_team": "Arsenal",
                "score": "1-0",
                "home_team": "Stoke",
                "url": "https://www.premierleague.com/match/22358"
            },
            {
                "details": {
                    "substitutions": [
                        {
                            "minute": "25",
                            "in": "9. Saido Berahino",
                            "out": "22. Xherdan Shaqiri"
                        },
                        {
                            "minute": "66",
                            "in": "12. Olivier Giroud",
                            "out": "31. Sead Kolasinac"
                        },
                        {
                            "minute": "71",
                            "in": "32. Ramadan Sobhi",
                            "out": "11. Jesé"
                        },
                        {
                            "minute": "78",
                            "in": "14. Theo Walcott",
                            "out": "9. Alexandre Lacazette"
                        },
                        {
                            "minute": "79",
                            "in": "17. Alex Iwobi",
                            "out": "29. Granit Xhaka"
                        },
                        {
                            "minute": "89",
                            "in": "15. Bruno Martins Indi",
                            "out": "3. Erik Pieters"
                        }
                    ],
                    "goals": [
                        {
                            "own_goal": "false",
                            "assist": "Saido Berahino",
                            "scorer": "11. Jesé",
                            "minute": "47"
                        }
                    ],
                    "cards": [],
                    "referee": "Andre Marriner",
                    "kick_off": "17:30"
                },
                "away_team": "Arsenal",
                "score": "1-0",
                "home_team": "Stoke",
                "url": "https://www.premierleague.com/match/22358"
            },
            {
                "details": {
                    "substitutions": [
                        {
                            "minute": "25",
                            "in": "9. Saido Berahino",
                            "out": "22. Xherdan Shaqiri"
                        },
                        {
                            "minute": "66",
                            "in": "12. Olivier Giroud",
                            "out": "31. Sead Kolasinac"
                        },
                        {
                            "minute": "71",
                            "in": "32. Ramadan Sobhi",
                            "out": "11. Jesé"
                        },
                        {
                            "minute": "78",
                            "in": "14. Theo Walcott",
                            "out": "9. Alexandre Lacazette"
                        },
                        {
                            "minute": "79",
                            "in": "17. Alex Iwobi",
                            "out": "29. Granit Xhaka"
                        },
                        {
                            "minute": "89",
                            "in": "15. Bruno Martins Indi",
                            "out": "3. Erik Pieters"
                        }
                    ],
                    "goals": [
                        {
                            "own_goal": "false",
                            "assist": "Saido Berahino",
                            "scorer": "11. Jesé",
                            "minute": "47"
                        }
                    ],
                    "cards": [],
                    "referee": "Andre Marriner",
                    "kick_off": "17:30"
                },
                "away_team": "Arsenal",
                "score": "1-0",
                "home_team": "Stoke",
                "url": "https://www.premierleague.com/match/22358"
            },
            {
                "details": {
                    "substitutions": [
                        {
                            "minute": "25",
                            "in": "9. Saido Berahino",
                            "out": "22. Xherdan Shaqiri"
                        },
                        {
                            "minute": "66",
                            "in": "12. Olivier Giroud",
                            "out": "31. Sead Kolasinac"
                        },
                        {
                            "minute": "71",
                            "in": "32. Ramadan Sobhi",
                            "out": "11. Jesé"
                        },
                        {
                            "minute": "78",
                            "in": "14. Theo Walcott",
                            "out": "9. Alexandre Lacazette"
                        },
                        {
                            "minute": "79",
                            "in": "17. Alex Iwobi",
                            "out": "29. Granit Xhaka"
                        },
                        {
                            "minute": "89",
                            "in": "15. Bruno Martins Indi",
                            "out": "3. Erik Pieters"
                        }
                    ],
                    "goals": [
                        {
                            "own_goal": "false",
                            "assist": "Saido Berahino",
                            "scorer": "11. Jesé",
                            "minute": "47"
                        }
                    ],
                    "cards": [],
                    "referee": "Andre Marriner",
                    "kick_off": "17:30"
                },
                "away_team": "Arsenal",
                "score": "1-0",
                "home_team": "Stoke",
                "url": "https://www.premierleague.com/match/22358"
            },
            {
                "details": {
                    "substitutions": [
                        {
                            "minute": "25",
                            "in": "9. Saido Berahino",
                            "out": "22. Xherdan Shaqiri"
                        },
                        {
                            "minute": "66",
                            "in": "12. Olivier Giroud",
                            "out": "31. Sead Kolasinac"
                        },
                        {
                            "minute": "71",
                            "in": "32. Ramadan Sobhi",
                            "out": "11. Jesé"
                        },
                        {
                            "minute": "78",
                            "in": "14. Theo Walcott",
                            "out": "9. Alexandre Lacazette"
                        },
                        {
                            "minute": "79",
                            "in": "17. Alex Iwobi",
                            "out": "29. Granit Xhaka"
                        },
                        {
                            "minute": "89",
                            "in": "15. Bruno Martins Indi",
                            "out": "3. Erik Pieters"
                        }
                    ],
                    "goals": [
                        {
                            "own_goal": "false",
                            "assist": "Saido Berahino",
                            "scorer": "11. Jesé",
                            "minute": "47"
                        }
                    ],
                    "cards": [],
                    "referee": "Andre Marriner",
                    "kick_off": "17:30"
                },
                "away_team": "Arsenal",
                "score": "1-0",
                "home_team": "Stoke",
                "url": "https://www.premierleague.com/match/22358"
            },
            {
                "details": {
                    "substitutions": [
                        {
                            "minute": "25",
                            "in": "9. Saido Berahino",
                            "out": "22. Xherdan Shaqiri"
                        },
                        {
                            "minute": "66",
                            "in": "12. Olivier Giroud",
                            "out": "31. Sead Kolasinac"
                        },
                        {
                            "minute": "71",
                            "in": "32. Ramadan Sobhi",
                            "out": "11. Jesé"
                        },
                        {
                            "minute": "78",
                            "in": "14. Theo Walcott",
                            "out": "9. Alexandre Lacazette"
                        },
                        {
                            "minute": "79",
                            "in": "17. Alex Iwobi",
                            "out": "29. Granit Xhaka"
                        },
                        {
                            "minute": "89",
                            "in": "15. Bruno Martins Indi",
                            "out": "3. Erik Pieters"
                        }
                    ],
                    "goals": [
                        {
                            "own_goal": "false",
                            "assist": "Saido Berahino",
                            "scorer": "11. Jesé",
                            "minute": "47"
                        }
                    ],
                    "cards": [],
                    "referee": "Andre Marriner",
                    "kick_off": "17:30"
                },
                "away_team": "Arsenal",
                "score": "1-0",
                "home_team": "Stoke",
                "url": "https://www.premierleague.com/match/22358"
            },
            {
                "details": {
                    "substitutions": [
                        {
                            "minute": "25",
                            "in": "9. Saido Berahino",
                            "out": "22. Xherdan Shaqiri"
                        },
                        {
                            "minute": "66",
                            "in": "12. Olivier Giroud",
                            "out": "31. Sead Kolasinac"
                        },
                        {
                            "minute": "71",
                            "in": "32. Ramadan Sobhi",
                            "out": "11. Jesé"
                        },
                        {
                            "minute": "78",
                            "in": "14. Theo Walcott",
                            "out": "9. Alexandre Lacazette"
                        },
                        {
                            "minute": "79",
                            "in": "17. Alex Iwobi",
                            "out": "29. Granit Xhaka"
                        },
                        {
                            "minute": "89",
                            "in": "15. Bruno Martins Indi",
                            "out": "3. Erik Pieters"
                        }
                    ],
                    "goals": [
                        {
                            "own_goal": "false",
                            "assist": "Saido Berahino",
                            "scorer": "11. Jesé",
                            "minute": "47"
                        }
                    ],
                    "cards": [],
                    "referee": "Andre Marriner",
                    "kick_off": "17:30"
                },
                "away_team": "Arsenal",
                "score": "1-0",
                "home_team": "Stoke",
                "url": "https://www.premierleague.com/match/22358"
            }
        ],
        "date": "Saturday 19 August 2017"
    }
]