[
    {
        "fixtures": [
            {
                "details": {
                    "substitutions": [
                        {
                            "minute": "45",
                            "in": "15. Bruno Martins Indi",
                            "out": "20. Geoff Cameron"
                        },
                        {
                            "minute": "72",
                            "in": "8. Juan Mata",
                            "out": "19. Marcus Rashford"
                        },
                        {
                            "minute": "72",
                            "in": "11. Anthony Martial",
                            "out": "21. Ander Herrera"
                        },
                        {
                            "minute": "75",
                            "in": "9. Saido Berahino",
                            "out": "11. Jesé"
                        },
                        {
                            "minute": "84",
                            "in": "14. Jesse Lingard",
                            "out": "22. Henrikh Mkhitaryan"
                        }
                    ],
                    "goals": [
                        {
                            "own_goal": "false",
                            "assist": "Mame Biram Diouf",
                            "scorer": "10. Eric Maxim Choupo-Moting",
                            "minute": "43"
                        },
                        {
                            "own_goal": "false",
                            "additional": "1",
                            "assist": "Paul Pogba",
                            "scorer": "19. Marcus Rashford",
                            "minute": "45"
                        },
                        {
                            "own_goal": "false",
                            "scorer": "9. Romelu Lukaku",
                            "minute": "57"
                        },
                        {
                            "own_goal": "false",
                            "assist": "Xherdan Shaqiri",
                            "scorer": "10. Eric Maxim Choupo-Moting",
                            "minute": "63"
                        }
                    ],
                    "cards": [],
                    "referee": "Neil Swarbrick",
                    "kick_off": "17:30"
                },
                "away_team": "Man Utd",
                "score": "2-2",
                "home_team": "Stoke",
                "url": "https://www.premierleague.com/match/22379"
            },
            {
                "details": {
                    "substitutions": [
                        {
                            "minute": "45",
                            "in": "15. Bruno Martins Indi",
                            "out": "20. Geoff Cameron"
                        },
                        {
                            "minute": "72",
                            "in": "8. Juan Mata",
                            "out": "19. Marcus Rashford"
                        },
                        {
                            "minute": "72",
                            "in": "11. Anthony Martial",
                            "out": "21. Ander Herrera"
                        },
                        {
                            "minute": "75",
                            "in": "9. Saido Berahino",
                            "out": "11. Jesé"
                        },
                        {
                            "minute": "84",
                            "in": "14. Jesse Lingard",
                            "out": "22. Henrikh Mkhitaryan"
                        }
                    ],
                    "goals": [
                        {
                            "own_goal": "false",
                            "assist": "Mame Biram Diouf",
                            "scorer": "10. Eric Maxim Choupo-Moting",
                            "minute": "43"
                        },
                        {
                            "own_goal": "false",
                            "additional": "1",
                            "assist": "Paul Pogba",
                            "scorer": "19. Marcus Rashford",
                            "minute": "45"
                        },
                        {
                            "own_goal": "false",
                            "scorer": "9. Romelu Lukaku",
                            "minute": "57"
                        },
                        {
                            "own_goal": "false",
                            "assist": "Xherdan Shaqiri",
                            "scorer": "10. Eric Maxim Choupo-Moting",
                            "minute": "63"
                        }
                    ],
                    "cards": [],
                    "referee": "Neil Swarbrick",
                    "kick_off": "17:30"
                },
                "away_team": "Man Utd",
                "score": "2-2",
                "home_team": "Stoke",
                "url": "https://www.premierleague.com/match/22379"
            },
            {
                "details": {
                    "substitutions": [
                        {
                            "minute": "45",
                            "in": "15. Bruno Martins Indi",
                            "out": "20. Geoff Cameron"
                        },
                        {
                            "minute": "72",
                            "in": "8. Juan Mata",
                            "out": "19. Marcus Rashford"
                        },
                        {
                            "minute": "72",
                            "in": "11. Anthony Martial",
                            "out": "21. Ander Herrera"
                        },
                        {
                            "minute": "75",
                            "in": "9. Saido Berahino",
                            "out": "11. Jesé"
                        },
                        {
                            "minute": "84",
                            "in": "14. Jesse Lingard",
                            "out": "22. Henrikh Mkhitaryan"
                        }
                    ],
                    "goals": [
                        {
                            "own_goal": "false",
                            "assist": "Mame Biram Diouf",
                            "scorer": "10. Eric Maxim Choupo-Moting",
                            "minute": "43"
                        },
                        {
                            "own_goal": "false",
                            "additional": "1",
                            "assist": "Paul Pogba",
                            "scorer": "19. Marcus Rashford",
                            "minute": "45"
                        },
                        {
                            "own_goal": "false",
                            "scorer": "9. Romelu Lukaku",
                            "minute": "57"
                        },
                        {
                            "own_goal": "false",
                            "assist": "Xherdan Shaqiri",
                            "scorer": "10. Eric Maxim Choupo-Moting",
                            "minute": "63"
                        }
                    ],
                    "cards": [],
                    "referee": "Neil Swarbrick",
                    "kick_off": "17:30"
                },
                "away_team": "Man Utd",
                "score": "2-2",
                "home_team": "Stoke",
                "url": "https://www.premierleague.com/match/22379"
            },
            {
                "details": {
                    "substitutions": [
                        {
                            "minute": "45",
                            "in": "15. Bruno Martins Indi",
                            "out": "20. Geoff Cameron"
                        },
                        {
                            "minute": "72",
                            "in": "8. Juan Mata",
                            "out": "19. Marcus Rashford"
                        },
                        {
                            "minute": "72",
                            "in": "11. Anthony Martial",
                            "out": "21. Ander Herrera"
                        },
                        {
                            "minute": "75",
                            "in": "9. Saido Berahino",
                            "out": "11. Jesé"
                        },
                        {
                            "minute": "84",
                            "in": "14. Jesse Lingard",
                            "out": "22. Henrikh Mkhitaryan"
                        }
                    ],
                    "goals": [
                        {
                            "own_goal": "false",
                            "assist": "Mame Biram Diouf",
                            "scorer": "10. Eric Maxim Choupo-Moting",
                            "minute": "43"
                        },
                        {
                            "own_goal": "false",
                            "additional": "1",
                            "assist": "Paul Pogba",
                            "scorer": "19. Marcus Rashford",
                            "minute": "45"
                        },
                        {
                            "own_goal": "false",
                            "scorer": "9. Romelu Lukaku",
                            "minute": "57"
                        },
                        {
                            "own_goal": "false",
                            "assist": "Xherdan Shaqiri",
                            "scorer": "10. Eric Maxim Choupo-Moting",
                            "minute": "63"
                        }
                    ],
                    "cards": [],
                    "referee": "Neil Swarbrick",
                    "kick_off": "17:30"
                },
                "away_team": "Man Utd",
                "score": "2-2",
                "home_team": "Stoke",
                "url": "https://www.premierleague.com/match/22379"
            },
            {
                "details": {
                    "substitutions": [
                        {
                            "minute": "45",
                            "in": "15. Bruno Martins Indi",
                            "out": "20. Geoff Cameron"
                        },
                        {
                            "minute": "72",
                            "in": "8. Juan Mata",
                            "out": "19. Marcus Rashford"
                        },
                        {
                            "minute": "72",
                            "in": "11. Anthony Martial",
                            "out": "21. Ander Herrera"
                        },
                        {
                            "minute": "75",
                            "in": "9. Saido Berahino",
                            "out": "11. Jesé"
                        },
                        {
                            "minute": "84",
                            "in": "14. Jesse Lingard",
                            "out": "22. Henrikh Mkhitaryan"
                        }
                    ],
                    "goals": [
                        {
                            "own_goal": "false",
                            "assist": "Mame Biram Diouf",
                            "scorer": "10. Eric Maxim Choupo-Moting",
                            "minute": "43"
                        },
                        {
                            "own_goal": "false",
                            "additional": "1",
                            "assist": "Paul Pogba",
                            "scorer": "19. Marcus Rashford",
                            "minute": "45"
                        },
                        {
                            "own_goal": "false",
                            "scorer": "9. Romelu Lukaku",
                            "minute": "57"
                        },
                        {
                            "own_goal": "false",
                            "assist": "Xherdan Shaqiri",
                            "scorer": "10. Eric Maxim Choupo-Moting",
                            "minute": "63"
                        }
                    ],
                    "cards": [],
                    "referee": "Neil Swarbrick",
                    "kick_off": "17:30"
                },
                "away_team": "Man Utd",
                "score": "2-2",
                "home_team": "Stoke",
                "url": "https://www.premierleague.com/match/22379"
            },
            {
                "details": {
                    "substitutions": [
                        {
                            "minute": "45",
                            "in": "15. Bruno Martins Indi",
                            "out": "20. Geoff Cameron"
                        },
                        {
                            "minute": "72",
                            "in": "8. Juan Mata",
                            "out": "19. Marcus Rashford"
                        },
                        {
                            "minute": "72",
                            "in": "11. Anthony Martial",
                            "out": "21. Ander Herrera"
                        },
                        {
                            "minute": "75",
                            "in": "9. Saido Berahino",
                            "out": "11. Jesé"
                        },
                        {
                            "minute": "84",
                            "in": "14. Jesse Lingard",
                            "out": "22. Henrikh Mkhitaryan"
                        }
                    ],
                    "goals": [
                        {
                            "own_goal": "false",
                            "assist": "Mame Biram Diouf",
                            "scorer": "10. Eric Maxim Choupo-Moting",
                            "minute": "43"
                        },
                        {
                            "own_goal": "false",
                            "additional": "1",
                            "assist": "Paul Pogba",
                            "scorer": "19. Marcus Rashford",
                            "minute": "45"
                        },
                        {
                            "own_goal": "false",
                            "scorer": "9. Romelu Lukaku",
                            "minute": "57"
                        },
                        {
                            "own_goal": "false",
                            "assist": "Xherdan Shaqiri",
                            "scorer": "10. Eric Maxim Choupo-Moting",
                            "minute": "63"
                        }
                    ],
                    "cards": [],
                    "referee": "Neil Swarbrick",
                    "kick_off": "17:30"
                },
                "away_team": "Man Utd",
                "score": "2-2",
                "home_team": "Stoke",
                "url": "https://www.premierleague.com/match/22379"
            },
            {
                "details": {
                    "substitutions": [
                        {
                            "minute": "45",
                            "in": "15. Bruno Martins Indi",
                            "out": "20. Geoff Cameron"
                        },
                        {
                            "minute": "72",
                            "in": "8. Juan Mata",
                            "out": "19. Marcus Rashford"
                        },
                        {
                            "minute": "72",
                            "in": "11. Anthony Martial",
                            "out": "21. Ander Herrera"
                        },
                        {
                            "minute": "75",
                            "in": "9. Saido Berahino",
                            "out": "11. Jesé"
                        },
                        {
                            "minute": "84",
                            "in": "14. Jesse Lingard",
                            "out": "22. Henrikh Mkhitaryan"
                        }
                    ],
                    "goals": [
                        {
                            "own_goal": "false",
                            "assist": "Mame Biram Diouf",
                            "scorer": "10. Eric Maxim Choupo-Moting",
                            "minute": "43"
                        },
                        {
                            "own_goal": "false",
                            "additional": "1",
                            "assist": "Paul Pogba",
                            "scorer": "19. Marcus Rashford",
                            "minute": "45"
                        },
                        {
                            "own_goal": "false",
                            "scorer": "9. Romelu Lukaku",
                            "minute": "57"
                        },
                        {
                            "own_goal": "false",
                            "assist": "Xherdan Shaqiri",
                            "scorer": "10. Eric Maxim Choupo-Moting",
                            "minute": "63"
                        }
                    ],
                    "cards": [],
                    "referee": "Neil Swarbrick",
                    "kick_off": "17:30"
                },
                "away_team": "Man Utd",
                "score": "2-2",
                "home_team": "Stoke",
                "url": "https://www.premierleague.com/match/22379"
            }
        ],
        "date": "Saturday 9 September 2017"
    }
]