[
    {
        "fixtures": [
            {
                "details": {
                    "substitutions": [
                        {
                            "minute": "56",
                            "in": "45. Kasey Palmer",
                            "out": "17. Rajiv van La Parra"
                        },
                        {
                            "minute": "61",
                            "in": "19. Danny Williams",
                            "out": "8. Philip Billing"
                        },
                        {
                            "minute": "64",
                            "in": "7. Shane Long",
                            "out": "18. Mario Lemina"
                        },
                        {
                            "minute": "71",
                            "in": "16. James Ward-Prowse",
                            "out": "20. Manolo Gabbiadini"
                        },
                        {
                            "minute": "74",
                            "in": "38. Sam McQueen",
                            "out": "11. Dusan Tadic"
                        },
                        {
                            "minute": "88",
                            "in": "23. Collin Quaner",
                            "out": "9. Elias Kachunga"
                        }
                    ],
                    "goals": [],
                    "cards": [
                        {
                            "player": "14. Oriol Romeu",
                            "additional": "1",
                            "card": "yellow",
                            "minute": "45"
                        }
                    ],
                    "referee": "Stuart Attwell",
                    "kick_off": "15:00"
                },
                "away_team": "Southampton",
                "score": "0-0",
                "home_team": "Huddersfield",
                "url": "https://www.premierleague.com/match/22365"
            },
            {
                "details": {
                    "substitutions": [
                        {
                            "minute": "56",
                            "in": "45. Kasey Palmer",
                            "out": "17. Rajiv van La Parra"
                        },
                        {
                            "minute": "61",
                            "in": "19. Danny Williams",
                            "out": "8. Philip Billing"
                        },
                        {
                            "minute": "64",
                            "in": "7. Shane Long",
                            "out": "18. Mario Lemina"
                        },
                        {
                            "minute": "71",
                            "in": "16. James Ward-Prowse",
                            "out": "20. Manolo Gabbiadini"
                        },
                        {
                            "minute": "74",
                            "in": "38. Sam McQueen",
                            "out": "11. Dusan Tadic"
                        },
                        {
                            "minute": "88",
                            "in": "23. Collin Quaner",
                            "out": "9. Elias Kachunga"
                        }
                    ],
                    "goals": [],
                    "cards": [
                        {
                            "player": "14. Oriol Romeu",
                            "additional": "1",
                            "card": "yellow",
                            "minute": "45"
                        }
                    ],
                    "referee": "Stuart Attwell",
                    "kick_off": "15:00"
                },
                "away_team": "Southampton",
                "score": "0-0",
                "home_team": "Huddersfield",
                "url": "https://www.premierleague.com/match/22365"
            },
            {
                "details": {
                    "substitutions": [
                        {
                            "minute": "56",
                            "in": "45. Kasey Palmer",
                            "out": "17. Rajiv van La Parra"
                        },
                        {
                            "minute": "61",
                            "in": "19. Danny Williams",
                            "out": "8. Philip Billing"
                        },
                        {
                            "minute": "64",
                            "in": "7. Shane Long",
                            "out": "18. Mario Lemina"
                        },
                        {
                            "minute": "71",
                            "in": "16. James Ward-Prowse",
                            "out": "20. Manolo Gabbiadini"
                        },
                        {
                            "minute": "74",
                            "in": "38. Sam McQueen",
                            "out": "11. Dusan Tadic"
                        },
                        {
                            "minute": "88",
                            "in": "23. Collin Quaner",
                            "out": "9. Elias Kachunga"
                        }
                    ],
                    "goals": [],
                    "cards": [
                        {
                            "player": "14. Oriol Romeu",
                            "additional": "1",
                            "card": "yellow",
                            "minute": "45"
                        }
                    ],
                    "referee": "Stuart Attwell",
                    "kick_off": "15:00"
                },
                "away_team": "Southampton",
                "score": "0-0",
                "home_team": "Huddersfield",
                "url": "https://www.premierleague.com/match/22365"
            },
            {
                "details": {
                    "substitutions": [
                        {
                            "minute": "56",
                            "in": "45. Kasey Palmer",
                            "out": "17. Rajiv van La Parra"
                        },
                        {
                            "minute": "61",
                            "in": "19. Danny Williams",
                            "out": "8. Philip Billing"
                        },
                        {
                            "minute": "64",
                            "in": "7. Shane Long",
                            "out": "18. Mario Lemina"
                        },
                        {
                            "minute": "71",
                            "in": "16. James Ward-Prowse",
                            "out": "20. Manolo Gabbiadini"
                        },
                        {
                            "minute": "74",
                            "in": "38. Sam McQueen",
                            "out": "11. Dusan Tadic"
                        },
                        {
                            "minute": "88",
                            "in": "23. Collin Quaner",
                            "out": "9. Elias Kachunga"
                        }
                    ],
                    "goals": [],
                    "cards": [
                        {
                            "player": "14. Oriol Romeu",
                            "additional": "1",
                            "card": "yellow",
                            "minute": "45"
                        }
                    ],
                    "referee": "Stuart Attwell",
                    "kick_off": "15:00"
                },
                "away_team": "Southampton",
                "score": "0-0",
                "home_team": "Huddersfield",
                "url": "https://www.premierleague.com/match/22365"
            },
            {
                "details": {
                    "substitutions": [
                        {
                            "minute": "56",
                            "in": "45. Kasey Palmer",
                            "out": "17. Rajiv van La Parra"
                        },
                        {
                            "minute": "61",
                            "in": "19. Danny Williams",
                            "out": "8. Philip Billing"
                        },
                        {
                            "minute": "64",
                            "in": "7. Shane Long",
                            "out": "18. Mario Lemina"
                        },
                        {
                            "minute": "71",
                            "in": "16. James Ward-Prowse",
                            "out": "20. Manolo Gabbiadini"
                        },
                        {
                            "minute": "74",
                            "in": "38. Sam McQueen",
                            "out": "11. Dusan Tadic"
                        },
                        {
                            "minute": "88",
                            "in": "23. Collin Quaner",
                            "out": "9. Elias Kachunga"
                        }
                    ],
                    "goals": [],
                    "cards": [
                        {
                            "player": "14. Oriol Romeu",
                            "additional": "1",
                            "card": "yellow",
                            "minute": "45"
                        }
                    ],
                    "referee": "Stuart Attwell",
                    "kick_off": "15:00"
                },
                "away_team": "Southampton",
                "score": "0-0",
                "home_team": "Huddersfield",
                "url": "https://www.premierleague.com/match/22365"
            },
            {
                "details": {
                    "substitutions": [
                        {
                            "minute": "56",
                            "in": "45. Kasey Palmer",
                            "out": "17. Rajiv van La Parra"
                        },
                        {
                            "minute": "61",
                            "in": "19. Danny Williams",
                            "out": "8. Philip Billing"
                        },
                        {
                            "minute": "64",
                            "in": "7. Shane Long",
                            "out": "18. Mario Lemina"
                        },
                        {
                            "minute": "71",
                            "in": "16. James Ward-Prowse",
                            "out": "20. Manolo Gabbiadini"
                        },
                        {
                            "minute": "74",
                            "in": "38. Sam McQueen",
                            "out": "11. Dusan Tadic"
                        },
                        {
                            "minute": "88",
                            "in": "23. Collin Quaner",
                            "out": "9. Elias Kachunga"
                        }
                    ],
                    "goals": [],
                    "cards": [
                        {
                            "player": "14. Oriol Romeu",
                            "additional": "1",
                            "card": "yellow",
                            "minute": "45"
                        }
                    ],
                    "referee": "Stuart Attwell",
                    "kick_off": "15:00"
                },
                "away_team": "Southampton",
                "score": "0-0",
                "home_team": "Huddersfield",
                "url": "https://www.premierleague.com/match/22365"
            }
        ],
        "date": "Saturday 26 August 2017"
    }
]