[
    {
        "fixtures": [
            {
                "details": {
                    "substitutions": [
                        {
                            "minute": "45",
                            "in": "7. Raheem Sterling",
                            "out": "33. Gabriel Jesus"
                        },
                        {
                            "minute": "61",
                            "in": "20. Davy Klaassen",
                            "out": "5. Ashley Williams"
                        },
                        {
                            "minute": "61",
                            "in": "18. Gylfi Sigurdsson",
                            "out": "26. Tom Davies"
                        },
                        {
                            "minute": "65",
                            "in": "3. Danilo",
                            "out": "5. John Stones"
                        },
                        {
                            "minute": "69",
                            "in": "20. Bernardo Silva",
                            "out": "19. Leroy Sané"
                        },
                        {
                            "minute": "90",
                            "in": "21. Muhamed Besic",
                            "out": "10. Wayne Rooney"
                        }
                    ],
                    "goals": [
                        {
                            "own_goal": "false",
                            "assist": "Dominic Calvert-Lewin",
                            "scorer": "10. Wayne Rooney",
                            "minute": "35"
                        },
                        {
                            "own_goal": "false",
                            "scorer": "7. Raheem Sterling",
                            "minute": "82"
                        }
                    ],
                    "cards": [
                        {
                            "player": "2. Morgan Schneiderlin",
                            "card": "yellow",
                            "minute": "7"
                        },
                        {
                            "player": "26. Tom Davies",
                            "card": "yellow",
                            "minute": "24"
                        },
                        {
                            "player": "2. Kyle Walker",
                            "card": "yellow",
                            "minute": "42"
                        },
                        {
                            "player": "2. Kyle Walker",
                            "card": "red",
                            "minute": "44"
                        },
                        {
                            "player": "4. Vincent Kompany",
                            "card": "yellow",
                            "minute": "78"
                        },
                        {
                            "player": "10. Wayne Rooney",
                            "card": "yellow",
                            "minute": "84"
                        },
                        {
                            "player": "2. Morgan Schneiderlin",
                            "card": "red",
                            "minute": "88"
                        }
                    ],
                    "referee": "Robert Madley",
                    "kick_off": "20:00"
                },
                "away_team": "Everton",
                "score": "1-1",
                "home_team": "Man City",
                "url": "https://www.premierleague.com/match/22357"
            }
        ],
        "date": "Monday 21 August 2017"
    }
]