[
    {
        "fixtures": [
            {
                "details": {
                    "substitutions": [
                        {
                            "minute": "58",
                            "in": "8. Leroy Fer",
                            "out": "35. Renato Sanches"
                        },
                        {
                            "minute": "63",
                            "in": "24. Serge Aurier",
                            "out": "17. Moussa Sissoko"
                        },
                        {
                            "minute": "72",
                            "in": "2. Wilfried Bony",
                            "out": "10. Tammy Abraham"
                        },
                        {
                            "minute": "74",
                            "in": "18. Fernando Llorente",
                            "out": "7. Son Heung-Min"
                        },
                        {
                            "minute": "85",
                            "in": "15. Wayne Routledge",
                            "out": "5. Mike van der Hoorn"
                        }
                    ],
                    "goals": [],
                    "cards": [
                        {
                            "player": "5. Mike van der Hoorn",
                            "card": "yellow",
                            "minute": "63"
                        },
                        {
                            "player": "14. Tom Carroll",
                            "card": "yellow",
                            "minute": "86"
                        },
                        {
                            "player": "4. Toby Alderweireld",
                            "card": "yellow",
                            "minute": "88"
                        },
                        {
                            "player": "15. Wayne Routledge",
                            "additional": "3",
                            "card": "yellow",
                            "minute": "90"
                        }
                    ],
                    "referee": "Mike Dean",
                    "kick_off": "17:30"
                },
                "away_team": "Swansea",
                "score": "0-0",
                "home_team": "Spurs",
                "url": "https://www.premierleague.com/match/22389"
            },
            {
                "details": {
                    "substitutions": [
                        {
                            "minute": "58",
                            "in": "8. Leroy Fer",
                            "out": "35. Renato Sanches"
                        },
                        {
                            "minute": "63",
                            "in": "24. Serge Aurier",
                            "out": "17. Moussa Sissoko"
                        },
                        {
                            "minute": "72",
                            "in": "2. Wilfried Bony",
                            "out": "10. Tammy Abraham"
                        },
                        {
                            "minute": "74",
                            "in": "18. Fernando Llorente",
                            "out": "7. Son Heung-Min"
                        },
                        {
                            "minute": "85",
                            "in": "15. Wayne Routledge",
                            "out": "5. Mike van der Hoorn"
                        }
                    ],
                    "goals": [],
                    "cards": [
                        {
                            "player": "5. Mike van der Hoorn",
                            "card": "yellow",
                            "minute": "63"
                        },
                        {
                            "player": "14. Tom Carroll",
                            "card": "yellow",
                            "minute": "86"
                        },
                        {
                            "player": "4. Toby Alderweireld",
                            "card": "yellow",
                            "minute": "88"
                        },
                        {
                            "player": "15. Wayne Routledge",
                            "additional": "3",
                            "card": "yellow",
                            "minute": "90"
                        }
                    ],
                    "referee": "Mike Dean",
                    "kick_off": "17:30"
                },
                "away_team": "Swansea",
                "score": "0-0",
                "home_team": "Spurs",
                "url": "https://www.premierleague.com/match/22389"
            },
            {
                "details": {
                    "substitutions": [
                        {
                            "minute": "58",
                            "in": "8. Leroy Fer",
                            "out": "35. Renato Sanches"
                        },
                        {
                            "minute": "63",
                            "in": "24. Serge Aurier",
                            "out": "17. Moussa Sissoko"
                        },
                        {
                            "minute": "72",
                            "in": "2. Wilfried Bony",
                            "out": "10. Tammy Abraham"
                        },
                        {
                            "minute": "74",
                            "in": "18. Fernando Llorente",
                            "out": "7. Son Heung-Min"
                        },
                        {
                            "minute": "85",
                            "in": "15. Wayne Routledge",
                            "out": "5. Mike van der Hoorn"
                        }
                    ],
                    "goals": [],
                    "cards": [
                        {
                            "player": "5. Mike van der Hoorn",
                            "card": "yellow",
                            "minute": "63"
                        },
                        {
                            "player": "14. Tom Carroll",
                            "card": "yellow",
                            "minute": "86"
                        },
                        {
                            "player": "4. Toby Alderweireld",
                            "card": "yellow",
                            "minute": "88"
                        },
                        {
                            "player": "15. Wayne Routledge",
                            "additional": "3",
                            "card": "yellow",
                            "minute": "90"
                        }
                    ],
                    "referee": "Mike Dean",
                    "kick_off": "17:30"
                },
                "away_team": "Swansea",
                "score": "0-0",
                "home_team": "Spurs",
                "url": "https://www.premierleague.com/match/22389"
            },
            {
                "details": {
                    "substitutions": [
                        {
                            "minute": "58",
                            "in": "8. Leroy Fer",
                            "out": "35. Renato Sanches"
                        },
                        {
                            "minute": "63",
                            "in": "24. Serge Aurier",
                            "out": "17. Moussa Sissoko"
                        },
                        {
                            "minute": "72",
                            "in": "2. Wilfried Bony",
                            "out": "10. Tammy Abraham"
                        },
                        {
                            "minute": "74",
                            "in": "18. Fernando Llorente",
                            "out": "7. Son Heung-Min"
                        },
                        {
                            "minute": "85",
                            "in": "15. Wayne Routledge",
                            "out": "5. Mike van der Hoorn"
                        }
                    ],
                    "goals": [],
                    "cards": [
                        {
                            "player": "5. Mike van der Hoorn",
                            "card": "yellow",
                            "minute": "63"
                        },
                        {
                            "player": "14. Tom Carroll",
                            "card": "yellow",
                            "minute": "86"
                        },
                        {
                            "player": "4. Toby Alderweireld",
                            "card": "yellow",
                            "minute": "88"
                        },
                        {
                            "player": "15. Wayne Routledge",
                            "additional": "3",
                            "card": "yellow",
                            "minute": "90"
                        }
                    ],
                    "referee": "Mike Dean",
                    "kick_off": "17:30"
                },
                "away_team": "Swansea",
                "score": "0-0",
                "home_team": "Spurs",
                "url": "https://www.premierleague.com/match/22389"
            },
            {
                "details": {
                    "substitutions": [
                        {
                            "minute": "58",
                            "in": "8. Leroy Fer",
                            "out": "35. Renato Sanches"
                        },
                        {
                            "minute": "63",
                            "in": "24. Serge Aurier",
                            "out": "17. Moussa Sissoko"
                        },
                        {
                            "minute": "72",
                            "in": "2. Wilfried Bony",
                            "out": "10. Tammy Abraham"
                        },
                        {
                            "minute": "74",
                            "in": "18. Fernando Llorente",
                            "out": "7. Son Heung-Min"
                        },
                        {
                            "minute": "85",
                            "in": "15. Wayne Routledge",
                            "out": "5. Mike van der Hoorn"
                        }
                    ],
                    "goals": [],
                    "cards": [
                        {
                            "player": "5. Mike van der Hoorn",
                            "card": "yellow",
                            "minute": "63"
                        },
                        {
                            "player": "14. Tom Carroll",
                            "card": "yellow",
                            "minute": "86"
                        },
                        {
                            "player": "4. Toby Alderweireld",
                            "card": "yellow",
                            "minute": "88"
                        },
                        {
                            "player": "15. Wayne Routledge",
                            "additional": "3",
                            "card": "yellow",
                            "minute": "90"
                        }
                    ],
                    "referee": "Mike Dean",
                    "kick_off": "17:30"
                },
                "away_team": "Swansea",
                "score": "0-0",
                "home_team": "Spurs",
                "url": "https://www.premierleague.com/match/22389"
            },
            {
                "details": {
                    "substitutions": [
                        {
                            "minute": "58",
                            "in": "8. Leroy Fer",
                            "out": "35. Renato Sanches"
                        },
                        {
                            "minute": "63",
                            "in": "24. Serge Aurier",
                            "out": "17. Moussa Sissoko"
                        },
                        {
                            "minute": "72",
                            "in": "2. Wilfried Bony",
                            "out": "10. Tammy Abraham"
                        },
                        {
                            "minute": "74",
                            "in": "18. Fernando Llorente",
                            "out": "7. Son Heung-Min"
                        },
                        {
                            "minute": "85",
                            "in": "15. Wayne Routledge",
                            "out": "5. Mike van der Hoorn"
                        }
                    ],
                    "goals": [],
                    "cards": [
                        {
                            "player": "5. Mike van der Hoorn",
                            "card": "yellow",
                            "minute": "63"
                        },
                        {
                            "player": "14. Tom Carroll",
                            "card": "yellow",
                            "minute": "86"
                        },
                        {
                            "player": "4. Toby Alderweireld",
                            "card": "yellow",
                            "minute": "88"
                        },
                        {
                            "player": "15. Wayne Routledge",
                            "additional": "3",
                            "card": "yellow",
                            "minute": "90"
                        }
                    ],
                    "referee": "Mike Dean",
                    "kick_off": "17:30"
                },
                "away_team": "Swansea",
                "score": "0-0",
                "home_team": "Spurs",
                "url": "https://www.premierleague.com/match/22389"
            },
            {
                "details": {
                    "substitutions": [
                        {
                            "minute": "58",
                            "in": "8. Leroy Fer",
                            "out": "35. Renato Sanches"
                        },
                        {
                            "minute": "63",
                            "in": "24. Serge Aurier",
                            "out": "17. Moussa Sissoko"
                        },
                        {
                            "minute": "72",
                            "in": "2. Wilfried Bony",
                            "out": "10. Tammy Abraham"
                        },
                        {
                            "minute": "74",
                            "in": "18. Fernando Llorente",
                            "out": "7. Son Heung-Min"
                        },
                        {
                            "minute": "85",
                            "in": "15. Wayne Routledge",
                            "out": "5. Mike van der Hoorn"
                        }
                    ],
                    "goals": [],
                    "cards": [
                        {
                            "player": "5. Mike van der Hoorn",
                            "card": "yellow",
                            "minute": "63"
                        },
                        {
                            "player": "14. Tom Carroll",
                            "card": "yellow",
                            "minute": "86"
                        },
                        {
                            "player": "4. Toby Alderweireld",
                            "card": "yellow",
                            "minute": "88"
                        },
                        {
                            "player": "15. Wayne Routledge",
                            "additional": "3",
                            "card": "yellow",
                            "minute": "90"
                        }
                    ],
                    "referee": "Mike Dean",
                    "kick_off": "17:30"
                },
                "away_team": "Swansea",
                "score": "0-0",
                "home_team": "Spurs",
                "url": "https://www.premierleague.com/match/22389"
            }
        ],
        "date": "Saturday 16 September 2017"
    }
]