[
    {
        "fixtures": [
            {
                "details": {
                    "substitutions": [
                        {
                            "minute": "61",
                            "in": "11. Mesut Özil",
                            "out": "23. Danny Welbeck"
                        },
                        {
                            "minute": "63",
                            "in": "28. André Carrillo",
                            "out": "6. Adrian Mariappa"
                        },
                        {
                            "minute": "63",
                            "in": "9. Troy Deeney",
                            "out": "18. Andre Gray"
                        },
                        {
                            "minute": "68",
                            "in": "12. Olivier Giroud",
                            "out": "9. Alexandre Lacazette"
                        },
                        {
                            "minute": "81",
                            "in": "29. Etienne Capoue",
                            "out": "37. Roberto Pereyra"
                        },
                        {
                            "minute": "85",
                            "in": "16. Rob Holding",
                            "out": "6. Laurent Koscielny"
                        }
                    ],
                    "goals": [
                        {
                            "own_goal": "false",
                            "assist": "Granit Xhaka",
                            "scorer": "4. Per Mertesacker",
                            "minute": "39"
                        },
                        {
                            "own_goal": "false",
                            "additional": "2",
                            "scorer": "8. Tom Cleverley",
                            "minute": "90"
                        }
                    ],
                    "cards": [
                        {
                            "player": "27. Christian Kabasele",
                            "card": "yellow",
                            "minute": "64"
                        }
                    ],
                    "referee": "Neil Swarbrick",
                    "kick_off": "17:30"
                },
                "away_team": "Arsenal",
                "score": "2-1",
                "home_team": "Watford",
                "url": "https://www.premierleague.com/match/22421"
            },
            {
                "details": {
                    "substitutions": [
                        {
                            "minute": "61",
                            "in": "11. Mesut Özil",
                            "out": "23. Danny Welbeck"
                        },
                        {
                            "minute": "63",
                            "in": "28. André Carrillo",
                            "out": "6. Adrian Mariappa"
                        },
                        {
                            "minute": "63",
                            "in": "9. Troy Deeney",
                            "out": "18. Andre Gray"
                        },
                        {
                            "minute": "68",
                            "in": "12. Olivier Giroud",
                            "out": "9. Alexandre Lacazette"
                        },
                        {
                            "minute": "81",
                            "in": "29. Etienne Capoue",
                            "out": "37. Roberto Pereyra"
                        },
                        {
                            "minute": "85",
                            "in": "16. Rob Holding",
                            "out": "6. Laurent Koscielny"
                        }
                    ],
                    "goals": [
                        {
                            "own_goal": "false",
                            "assist": "Granit Xhaka",
                            "scorer": "4. Per Mertesacker",
                            "minute": "39"
                        },
                        {
                            "own_goal": "false",
                            "additional": "2",
                            "scorer": "8. Tom Cleverley",
                            "minute": "90"
                        }
                    ],
                    "cards": [
                        {
                            "player": "27. Christian Kabasele",
                            "card": "yellow",
                            "minute": "64"
                        }
                    ],
                    "referee": "Neil Swarbrick",
                    "kick_off": "17:30"
                },
                "away_team": "Arsenal",
                "score": "2-1",
                "home_team": "Watford",
                "url": "https://www.premierleague.com/match/22421"
            },
            {
                "details": {
                    "substitutions": [
                        {
                            "minute": "61",
                            "in": "11. Mesut Özil",
                            "out": "23. Danny Welbeck"
                        },
                        {
                            "minute": "63",
                            "in": "28. André Carrillo",
                            "out": "6. Adrian Mariappa"
                        },
                        {
                            "minute": "63",
                            "in": "9. Troy Deeney",
                            "out": "18. Andre Gray"
                        },
                        {
                            "minute": "68",
                            "in": "12. Olivier Giroud",
                            "out": "9. Alexandre Lacazette"
                        },
                        {
                            "minute": "81",
                            "in": "29. Etienne Capoue",
                            "out": "37. Roberto Pereyra"
                        },
                        {
                            "minute": "85",
                            "in": "16. Rob Holding",
                            "out": "6. Laurent Koscielny"
                        }
                    ],
                    "goals": [
                        {
                            "own_goal": "false",
                            "assist": "Granit Xhaka",
                            "scorer": "4. Per Mertesacker",
                            "minute": "39"
                        },
                        {
                            "own_goal": "false",
                            "additional": "2",
                            "scorer": "8. Tom Cleverley",
                            "minute": "90"
                        }
                    ],
                    "cards": [
                        {
                            "player": "27. Christian Kabasele",
                            "card": "yellow",
                            "minute": "64"
                        }
                    ],
                    "referee": "Neil Swarbrick",
                    "kick_off": "17:30"
                },
                "away_team": "Arsenal",
                "score": "2-1",
                "home_team": "Watford",
                "url": "https://www.premierleague.com/match/22421"
            },
            {
                "details": {
                    "substitutions": [
                        {
                            "minute": "61",
                            "in": "11. Mesut Özil",
                            "out": "23. Danny Welbeck"
                        },
                        {
                            "minute": "63",
                            "in": "28. André Carrillo",
                            "out": "6. Adrian Mariappa"
                        },
                        {
                            "minute": "63",
                            "in": "9. Troy Deeney",
                            "out": "18. Andre Gray"
                        },
                        {
                            "minute": "68",
                            "in": "12. Olivier Giroud",
                            "out": "9. Alexandre Lacazette"
                        },
                        {
                            "minute": "81",
                            "in": "29. Etienne Capoue",
                            "out": "37. Roberto Pereyra"
                        },
                        {
                            "minute": "85",
                            "in": "16. Rob Holding",
                            "out": "6. Laurent Koscielny"
                        }
                    ],
                    "goals": [
                        {
                            "own_goal": "false",
                            "assist": "Granit Xhaka",
                            "scorer": "4. Per Mertesacker",
                            "minute": "39"
                        },
                        {
                            "own_goal": "false",
                            "additional": "2",
                            "scorer": "8. Tom Cleverley",
                            "minute": "90"
                        }
                    ],
                    "cards": [
                        {
                            "player": "27. Christian Kabasele",
                            "card": "yellow",
                            "minute": "64"
                        }
                    ],
                    "referee": "Neil Swarbrick",
                    "kick_off": "17:30"
                },
                "away_team": "Arsenal",
                "score": "2-1",
                "home_team": "Watford",
                "url": "https://www.premierleague.com/match/22421"
            },
            {
                "details": {
                    "substitutions": [
                        {
                            "minute": "61",
                            "in": "11. Mesut Özil",
                            "out": "23. Danny Welbeck"
                        },
                        {
                            "minute": "63",
                            "in": "28. André Carrillo",
                            "out": "6. Adrian Mariappa"
                        },
                        {
                            "minute": "63",
                            "in": "9. Troy Deeney",
                            "out": "18. Andre Gray"
                        },
                        {
                            "minute": "68",
                            "in": "12. Olivier Giroud",
                            "out": "9. Alexandre Lacazette"
                        },
                        {
                            "minute": "81",
                            "in": "29. Etienne Capoue",
                            "out": "37. Roberto Pereyra"
                        },
                        {
                            "minute": "85",
                            "in": "16. Rob Holding",
                            "out": "6. Laurent Koscielny"
                        }
                    ],
                    "goals": [
                        {
                            "own_goal": "false",
                            "assist": "Granit Xhaka",
                            "scorer": "4. Per Mertesacker",
                            "minute": "39"
                        },
                        {
                            "own_goal": "false",
                            "additional": "2",
                            "scorer": "8. Tom Cleverley",
                            "minute": "90"
                        }
                    ],
                    "cards": [
                        {
                            "player": "27. Christian Kabasele",
                            "card": "yellow",
                            "minute": "64"
                        }
                    ],
                    "referee": "Neil Swarbrick",
                    "kick_off": "17:30"
                },
                "away_team": "Arsenal",
                "score": "2-1",
                "home_team": "Watford",
                "url": "https://www.premierleague.com/match/22421"
            },
            {
                "details": {
                    "substitutions": [
                        {
                            "minute": "61",
                            "in": "11. Mesut Özil",
                            "out": "23. Danny Welbeck"
                        },
                        {
                            "minute": "63",
                            "in": "28. André Carrillo",
                            "out": "6. Adrian Mariappa"
                        },
                        {
                            "minute": "63",
                            "in": "9. Troy Deeney",
                            "out": "18. Andre Gray"
                        },
                        {
                            "minute": "68",
                            "in": "12. Olivier Giroud",
                            "out": "9. Alexandre Lacazette"
                        },
                        {
                            "minute": "81",
                            "in": "29. Etienne Capoue",
                            "out": "37. Roberto Pereyra"
                        },
                        {
                            "minute": "85",
                            "in": "16. Rob Holding",
                            "out": "6. Laurent Koscielny"
                        }
                    ],
                    "goals": [
                        {
                            "own_goal": "false",
                            "assist": "Granit Xhaka",
                            "scorer": "4. Per Mertesacker",
                            "minute": "39"
                        },
                        {
                            "own_goal": "false",
                            "additional": "2",
                            "scorer": "8. Tom Cleverley",
                            "minute": "90"
                        }
                    ],
                    "cards": [
                        {
                            "player": "27. Christian Kabasele",
                            "card": "yellow",
                            "minute": "64"
                        }
                    ],
                    "referee": "Neil Swarbrick",
                    "kick_off": "17:30"
                },
                "away_team": "Arsenal",
                "score": "2-1",
                "home_team": "Watford",
                "url": "https://www.premierleague.com/match/22421"
            },
            {
                "details": {
                    "substitutions": [
                        {
                            "minute": "61",
                            "in": "11. Mesut Özil",
                            "out": "23. Danny Welbeck"
                        },
                        {
                            "minute": "63",
                            "in": "28. André Carrillo",
                            "out": "6. Adrian Mariappa"
                        },
                        {
                            "minute": "63",
                            "in": "9. Troy Deeney",
                            "out": "18. Andre Gray"
                        },
                        {
                            "minute": "68",
                            "in": "12. Olivier Giroud",
                            "out": "9. Alexandre Lacazette"
                        },
                        {
                            "minute": "81",
                            "in": "29. Etienne Capoue",
                            "out": "37. Roberto Pereyra"
                        },
                        {
                            "minute": "85",
                            "in": "16. Rob Holding",
                            "out": "6. Laurent Koscielny"
                        }
                    ],
                    "goals": [
                        {
                            "own_goal": "false",
                            "assist": "Granit Xhaka",
                            "scorer": "4. Per Mertesacker",
                            "minute": "39"
                        },
                        {
                            "own_goal": "false",
                            "additional": "2",
                            "scorer": "8. Tom Cleverley",
                            "minute": "90"
                        }
                    ],
                    "cards": [
                        {
                            "player": "27. Christian Kabasele",
                            "card": "yellow",
                            "minute": "64"
                        }
                    ],
                    "referee": "Neil Swarbrick",
                    "kick_off": "17:30"
                },
                "away_team": "Arsenal",
                "score": "2-1",
                "home_team": "Watford",
                "url": "https://www.premierleague.com/match/22421"
            }
        ],
        "date": "Saturday 14 October 2017"
    }
]