[
    {
        "fixtures": [
            {
                "details": {
                    "substitutions": [
                        {
                            "minute": "74",
                            "in": "9. Roberto Firmino",
                            "out": "15. Daniel Sturridge"
                        },
                        {
                            "minute": "74",
                            "in": "29. Dominic Solanke",
                            "out": "19. Sadio Mané"
                        },
                        {
                            "minute": "74",
                            "in": "14. Isaac Hayden",
                            "out": "23. Mikel Merino"
                        },
                        {
                            "minute": "79",
                            "in": "9. Dwight Gayle",
                            "out": "21. Joselu"
                        },
                        {
                            "minute": "84",
                            "in": "21. Alex Oxlade-Chamberlain",
                            "out": "11. Mohamed Salah"
                        },
                        {
                            "minute": "90",
                            "additional": "1",
                            "in": "10. Mohamed Diamé",
                            "out": "17. Ayoze Pérez"
                        }
                    ],
                    "goals": [
                        {
                            "own_goal": "false",
                            "scorer": "10. Philippe Coutinho",
                            "minute": "29"
                        },
                        {
                            "own_goal": "false",
                            "scorer": "21. Joselu",
                            "minute": "36"
                        }
                    ],
                    "cards": [
                        {
                            "player": "17. Ayoze Pérez",
                            "card": "yellow",
                            "minute": "55"
                        },
                        {
                            "player": "12. Joseph Gomez",
                            "card": "yellow",
                            "minute": "58"
                        }
                    ],
                    "referee": "Craig Pawson",
                    "kick_off": "16:30"
                },
                "away_team": "Liverpool",
                "score": "1-1",
                "home_team": "Newcastle",
                "url": "https://www.premierleague.com/match/22408"
            },
            {
                "details": {
                    "substitutions": [
                        {
                            "minute": "74",
                            "in": "9. Roberto Firmino",
                            "out": "15. Daniel Sturridge"
                        },
                        {
                            "minute": "74",
                            "in": "29. Dominic Solanke",
                            "out": "19. Sadio Mané"
                        },
                        {
                            "minute": "74",
                            "in": "14. Isaac Hayden",
                            "out": "23. Mikel Merino"
                        },
                        {
                            "minute": "79",
                            "in": "9. Dwight Gayle",
                            "out": "21. Joselu"
                        },
                        {
                            "minute": "84",
                            "in": "21. Alex Oxlade-Chamberlain",
                            "out": "11. Mohamed Salah"
                        },
                        {
                            "minute": "90",
                            "additional": "1",
                            "in": "10. Mohamed Diamé",
                            "out": "17. Ayoze Pérez"
                        }
                    ],
                    "goals": [
                        {
                            "own_goal": "false",
                            "scorer": "10. Philippe Coutinho",
                            "minute": "29"
                        },
                        {
                            "own_goal": "false",
                            "scorer": "21. Joselu",
                            "minute": "36"
                        }
                    ],
                    "cards": [
                        {
                            "player": "17. Ayoze Pérez",
                            "card": "yellow",
                            "minute": "55"
                        },
                        {
                            "player": "12. Joseph Gomez",
                            "card": "yellow",
                            "minute": "58"
                        }
                    ],
                    "referee": "Craig Pawson",
                    "kick_off": "16:30"
                },
                "away_team": "Liverpool",
                "score": "1-1",
                "home_team": "Newcastle",
                "url": "https://www.premierleague.com/match/22408"
            },
            {
                "details": {
                    "substitutions": [
                        {
                            "minute": "74",
                            "in": "9. Roberto Firmino",
                            "out": "15. Daniel Sturridge"
                        },
                        {
                            "minute": "74",
                            "in": "29. Dominic Solanke",
                            "out": "19. Sadio Mané"
                        },
                        {
                            "minute": "74",
                            "in": "14. Isaac Hayden",
                            "out": "23. Mikel Merino"
                        },
                        {
                            "minute": "79",
                            "in": "9. Dwight Gayle",
                            "out": "21. Joselu"
                        },
                        {
                            "minute": "84",
                            "in": "21. Alex Oxlade-Chamberlain",
                            "out": "11. Mohamed Salah"
                        },
                        {
                            "minute": "90",
                            "additional": "1",
                            "in": "10. Mohamed Diamé",
                            "out": "17. Ayoze Pérez"
                        }
                    ],
                    "goals": [
                        {
                            "own_goal": "false",
                            "scorer": "10. Philippe Coutinho",
                            "minute": "29"
                        },
                        {
                            "own_goal": "false",
                            "scorer": "21. Joselu",
                            "minute": "36"
                        }
                    ],
                    "cards": [
                        {
                            "player": "17. Ayoze Pérez",
                            "card": "yellow",
                            "minute": "55"
                        },
                        {
                            "player": "12. Joseph Gomez",
                            "card": "yellow",
                            "minute": "58"
                        }
                    ],
                    "referee": "Craig Pawson",
                    "kick_off": "16:30"
                },
                "away_team": "Liverpool",
                "score": "1-1",
                "home_team": "Newcastle",
                "url": "https://www.premierleague.com/match/22408"
            }
        ],
        "date": "Sunday 1 October 2017"
    }
]