[
    {
        "fixtures": [
            {
                "details": {
                    "substitutions": [
                        {
                            "minute": "68",
                            "in": "8. Jonjo Shelvey",
                            "out": "14. Isaac Hayden"
                        },
                        {
                            "minute": "71",
                            "in": "9. Dwight Gayle",
                            "out": "21. Joselu"
                        },
                        {
                            "minute": "81",
                            "in": "15. Jamie Murphy",
                            "out": "11. Anthony Knockaert"
                        },
                        {
                            "minute": "83",
                            "in": "27. Jesús Gámez",
                            "out": "18. Chancel Mbemba"
                        }
                    ],
                    "goals": [
                        {
                            "own_goal": "false",
                            "assist": "Dale Stephens",
                            "scorer": "10. Tomer Hemed",
                            "minute": "51"
                        }
                    ],
                    "cards": [
                        {
                            "player": "11. Anthony Knockaert",
                            "card": "yellow",
                            "minute": "13"
                        },
                        {
                            "player": "22. Shane Duffy",
                            "card": "yellow",
                            "minute": "77"
                        },
                        {
                            "player": "6. Jamaal Lascelles",
                            "additional": "3",
                            "card": "yellow",
                            "minute": "90"
                        }
                    ],
                    "referee": "Andre Marriner",
                    "kick_off": "16:00"
                },
                "away_team": "Newcastle",
                "score": "1-0",
                "home_team": "Brighton",
                "url": "https://www.premierleague.com/match/22393"
            }
        ],
        "date": "Sunday 24 September 2017"
    }
]