[
    {
        "fixtures": [
            {
                "details": {
                    "substitutions": [
                        {
                            "minute": "45",
                            "in": "33. Jordon Ibe",
                            "out": "18. Jermain Defoe"
                        },
                        {
                            "minute": "63",
                            "in": "7. Marc Pugh",
                            "out": "19. Junior Stanislas"
                        },
                        {
                            "minute": "74",
                            "in": "13. Callum Wilson",
                            "out": "9. Benik Afobe"
                        },
                        {
                            "minute": "79",
                            "in": "6. Daniel Drinkwater",
                            "out": "11. Pedro"
                        },
                        {
                            "minute": "79",
                            "in": "23. Michy Batshuayi",
                            "out": "9. Álvaro Morata"
                        },
                        {
                            "minute": "85",
                            "in": "22. Willian",
                            "out": "10. Eden Hazard"
                        }
                    ],
                    "goals": [
                        {
                            "own_goal": "false",
                            "assist": "Álvaro Morata",
                            "scorer": "10. Eden Hazard",
                            "minute": "51"
                        }
                    ],
                    "cards": [
                        {
                            "player": "15. Adam Smith",
                            "card": "yellow",
                            "minute": "59"
                        },
                        {
                            "player": "2. Simon Francis",
                            "card": "yellow",
                            "minute": "88"
                        }
                    ],
                    "referee": "Craig Pawson",
                    "kick_off": "17:30"
                },
                "away_team": "Chelsea",
                "score": "0-1",
                "home_team": "Bournemouth",
                "url": "https://www.premierleague.com/match/22433"
            },
            {
                "details": {
                    "substitutions": [
                        {
                            "minute": "45",
                            "in": "33. Jordon Ibe",
                            "out": "18. Jermain Defoe"
                        },
                        {
                            "minute": "63",
                            "in": "7. Marc Pugh",
                            "out": "19. Junior Stanislas"
                        },
                        {
                            "minute": "74",
                            "in": "13. Callum Wilson",
                            "out": "9. Benik Afobe"
                        },
                        {
                            "minute": "79",
                            "in": "6. Daniel Drinkwater",
                            "out": "11. Pedro"
                        },
                        {
                            "minute": "79",
                            "in": "23. Michy Batshuayi",
                            "out": "9. Álvaro Morata"
                        },
                        {
                            "minute": "85",
                            "in": "22. Willian",
                            "out": "10. Eden Hazard"
                        }
                    ],
                    "goals": [
                        {
                            "own_goal": "false",
                            "assist": "Álvaro Morata",
                            "scorer": "10. Eden Hazard",
                            "minute": "51"
                        }
                    ],
                    "cards": [
                        {
                            "player": "15. Adam Smith",
                            "card": "yellow",
                            "minute": "59"
                        },
                        {
                            "player": "2. Simon Francis",
                            "card": "yellow",
                            "minute": "88"
                        }
                    ],
                    "referee": "Craig Pawson",
                    "kick_off": "17:30"
                },
                "away_team": "Chelsea",
                "score": "0-1",
                "home_team": "Bournemouth",
                "url": "https://www.premierleague.com/match/22433"
            },
            {
                "details": {
                    "substitutions": [
                        {
                            "minute": "45",
                            "in": "33. Jordon Ibe",
                            "out": "18. Jermain Defoe"
                        },
                        {
                            "minute": "63",
                            "in": "7. Marc Pugh",
                            "out": "19. Junior Stanislas"
                        },
                        {
                            "minute": "74",
                            "in": "13. Callum Wilson",
                            "out": "9. Benik Afobe"
                        },
                        {
                            "minute": "79",
                            "in": "6. Daniel Drinkwater",
                            "out": "11. Pedro"
                        },
                        {
                            "minute": "79",
                            "in": "23. Michy Batshuayi",
                            "out": "9. Álvaro Morata"
                        },
                        {
                            "minute": "85",
                            "in": "22. Willian",
                            "out": "10. Eden Hazard"
                        }
                    ],
                    "goals": [
                        {
                            "own_goal": "false",
                            "assist": "Álvaro Morata",
                            "scorer": "10. Eden Hazard",
                            "minute": "51"
                        }
                    ],
                    "cards": [
                        {
                            "player": "15. Adam Smith",
                            "card": "yellow",
                            "minute": "59"
                        },
                        {
                            "player": "2. Simon Francis",
                            "card": "yellow",
                            "minute": "88"
                        }
                    ],
                    "referee": "Craig Pawson",
                    "kick_off": "17:30"
                },
                "away_team": "Chelsea",
                "score": "0-1",
                "home_team": "Bournemouth",
                "url": "https://www.premierleague.com/match/22433"
            },
            {
                "details": {
                    "substitutions": [
                        {
                            "minute": "45",
                            "in": "33. Jordon Ibe",
                            "out": "18. Jermain Defoe"
                        },
                        {
                            "minute": "63",
                            "in": "7. Marc Pugh",
                            "out": "19. Junior Stanislas"
                        },
                        {
                            "minute": "74",
                            "in": "13. Callum Wilson",
                            "out": "9. Benik Afobe"
                        },
                        {
                            "minute": "79",
                            "in": "6. Daniel Drinkwater",
                            "out": "11. Pedro"
                        },
                        {
                            "minute": "79",
                            "in": "23. Michy Batshuayi",
                            "out": "9. Álvaro Morata"
                        },
                        {
                            "minute": "85",
                            "in": "22. Willian",
                            "out": "10. Eden Hazard"
                        }
                    ],
                    "goals": [
                        {
                            "own_goal": "false",
                            "assist": "Álvaro Morata",
                            "scorer": "10. Eden Hazard",
                            "minute": "51"
                        }
                    ],
                    "cards": [
                        {
                            "player": "15. Adam Smith",
                            "card": "yellow",
                            "minute": "59"
                        },
                        {
                            "player": "2. Simon Francis",
                            "card": "yellow",
                            "minute": "88"
                        }
                    ],
                    "referee": "Craig Pawson",
                    "kick_off": "17:30"
                },
                "away_team": "Chelsea",
                "score": "0-1",
                "home_team": "Bournemouth",
                "url": "https://www.premierleague.com/match/22433"
            },
            {
                "details": {
                    "substitutions": [
                        {
                            "minute": "45",
                            "in": "33. Jordon Ibe",
                            "out": "18. Jermain Defoe"
                        },
                        {
                            "minute": "63",
                            "in": "7. Marc Pugh",
                            "out": "19. Junior Stanislas"
                        },
                        {
                            "minute": "74",
                            "in": "13. Callum Wilson",
                            "out": "9. Benik Afobe"
                        },
                        {
                            "minute": "79",
                            "in": "6. Daniel Drinkwater",
                            "out": "11. Pedro"
                        },
                        {
                            "minute": "79",
                            "in": "23. Michy Batshuayi",
                            "out": "9. Álvaro Morata"
                        },
                        {
                            "minute": "85",
                            "in": "22. Willian",
                            "out": "10. Eden Hazard"
                        }
                    ],
                    "goals": [
                        {
                            "own_goal": "false",
                            "assist": "Álvaro Morata",
                            "scorer": "10. Eden Hazard",
                            "minute": "51"
                        }
                    ],
                    "cards": [
                        {
                            "player": "15. Adam Smith",
                            "card": "yellow",
                            "minute": "59"
                        },
                        {
                            "player": "2. Simon Francis",
                            "card": "yellow",
                            "minute": "88"
                        }
                    ],
                    "referee": "Craig Pawson",
                    "kick_off": "17:30"
                },
                "away_team": "Chelsea",
                "score": "0-1",
                "home_team": "Bournemouth",
                "url": "https://www.premierleague.com/match/22433"
            },
            {
                "details": {
                    "substitutions": [
                        {
                            "minute": "45",
                            "in": "33. Jordon Ibe",
                            "out": "18. Jermain Defoe"
                        },
                        {
                            "minute": "63",
                            "in": "7. Marc Pugh",
                            "out": "19. Junior Stanislas"
                        },
                        {
                            "minute": "74",
                            "in": "13. Callum Wilson",
                            "out": "9. Benik Afobe"
                        },
                        {
                            "minute": "79",
                            "in": "6. Daniel Drinkwater",
                            "out": "11. Pedro"
                        },
                        {
                            "minute": "79",
                            "in": "23. Michy Batshuayi",
                            "out": "9. Álvaro Morata"
                        },
                        {
                            "minute": "85",
                            "in": "22. Willian",
                            "out": "10. Eden Hazard"
                        }
                    ],
                    "goals": [
                        {
                            "own_goal": "false",
                            "assist": "Álvaro Morata",
                            "scorer": "10. Eden Hazard",
                            "minute": "51"
                        }
                    ],
                    "cards": [
                        {
                            "player": "15. Adam Smith",
                            "card": "yellow",
                            "minute": "59"
                        },
                        {
                            "player": "2. Simon Francis",
                            "card": "yellow",
                            "minute": "88"
                        }
                    ],
                    "referee": "Craig Pawson",
                    "kick_off": "17:30"
                },
                "away_team": "Chelsea",
                "score": "0-1",
                "home_team": "Bournemouth",
                "url": "https://www.premierleague.com/match/22433"
            },
            {
                "details": {
                    "substitutions": [
                        {
                            "minute": "45",
                            "in": "33. Jordon Ibe",
                            "out": "18. Jermain Defoe"
                        },
                        {
                            "minute": "63",
                            "in": "7. Marc Pugh",
                            "out": "19. Junior Stanislas"
                        },
                        {
                            "minute": "74",
                            "in": "13. Callum Wilson",
                            "out": "9. Benik Afobe"
                        },
                        {
                            "minute": "79",
                            "in": "6. Daniel Drinkwater",
                            "out": "11. Pedro"
                        },
                        {
                            "minute": "79",
                            "in": "23. Michy Batshuayi",
                            "out": "9. Álvaro Morata"
                        },
                        {
                            "minute": "85",
                            "in": "22. Willian",
                            "out": "10. Eden Hazard"
                        }
                    ],
                    "goals": [
                        {
                            "own_goal": "false",
                            "assist": "Álvaro Morata",
                            "scorer": "10. Eden Hazard",
                            "minute": "51"
                        }
                    ],
                    "cards": [
                        {
                            "player": "15. Adam Smith",
                            "card": "yellow",
                            "minute": "59"
                        },
                        {
                            "player": "2. Simon Francis",
                            "card": "yellow",
                            "minute": "88"
                        }
                    ],
                    "referee": "Craig Pawson",
                    "kick_off": "17:30"
                },
                "away_team": "Chelsea",
                "score": "0-1",
                "home_team": "Bournemouth",
                "url": "https://www.premierleague.com/match/22433"
            }
        ],
        "date": "Saturday 28 October 2017"
    }
]