[
    {
        "fixtures": [
            {
                "details": {
                    "substitutions": [
                        {
                            "minute": "32",
                            "in": "2. Nyom",
                            "out": "6. Jonny Evans"
                        },
                        {
                            "minute": "53",
                            "in": "23. Gareth McAuley",
                            "out": "18. Gareth Barry"
                        },
                        {
                            "minute": "69",
                            "in": "22. Nathan Redmond",
                            "out": "14. Oriol Romeu"
                        },
                        {
                            "minute": "77",
                            "in": "10. Matt Phillips",
                            "out": "22. Nacer Chadli"
                        },
                        {
                            "minute": "81",
                            "in": "19. Sofiane Boufal",
                            "out": "11. Dusan Tadic"
                        },
                        {
                            "minute": "81",
                            "in": "10. Charlie Austin",
                            "out": "7. Shane Long"
                        },
                        {
                            "minute": "88",
                            "out": "25. Craig Dawson"
                        }
                    ],
                    "goals": [
                        {
                            "own_goal": "false",
                            "scorer": "19. Sofiane Boufal",
                            "minute": "85"
                        }
                    ],
                    "cards": [
                        {
                            "player": "22. Nacer Chadli",
                            "card": "yellow",
                            "minute": "67"
                        }
                    ],
                    "referee": "Graham Scott",
                    "kick_off": "17:30"
                },
                "away_team": "West Brom",
                "score": "1-0",
                "home_team": "Southampton",
                "url": "https://www.premierleague.com/match/22427"
            },
            {
                "details": {
                    "substitutions": [
                        {
                            "minute": "32",
                            "in": "2. Nyom",
                            "out": "6. Jonny Evans"
                        },
                        {
                            "minute": "53",
                            "in": "23. Gareth McAuley",
                            "out": "18. Gareth Barry"
                        },
                        {
                            "minute": "69",
                            "in": "22. Nathan Redmond",
                            "out": "14. Oriol Romeu"
                        },
                        {
                            "minute": "77",
                            "in": "10. Matt Phillips",
                            "out": "22. Nacer Chadli"
                        },
                        {
                            "minute": "81",
                            "in": "19. Sofiane Boufal",
                            "out": "11. Dusan Tadic"
                        },
                        {
                            "minute": "81",
                            "in": "10. Charlie Austin",
                            "out": "7. Shane Long"
                        },
                        {
                            "minute": "88",
                            "out": "25. Craig Dawson"
                        }
                    ],
                    "goals": [
                        {
                            "own_goal": "false",
                            "scorer": "19. Sofiane Boufal",
                            "minute": "85"
                        }
                    ],
                    "cards": [
                        {
                            "player": "22. Nacer Chadli",
                            "card": "yellow",
                            "minute": "67"
                        }
                    ],
                    "referee": "Graham Scott",
                    "kick_off": "17:30"
                },
                "away_team": "West Brom",
                "score": "1-0",
                "home_team": "Southampton",
                "url": "https://www.premierleague.com/match/22427"
            },
            {
                "details": {
                    "substitutions": [
                        {
                            "minute": "32",
                            "in": "2. Nyom",
                            "out": "6. Jonny Evans"
                        },
                        {
                            "minute": "53",
                            "in": "23. Gareth McAuley",
                            "out": "18. Gareth Barry"
                        },
                        {
                            "minute": "69",
                            "in": "22. Nathan Redmond",
                            "out": "14. Oriol Romeu"
                        },
                        {
                            "minute": "77",
                            "in": "10. Matt Phillips",
                            "out": "22. Nacer Chadli"
                        },
                        {
                            "minute": "81",
                            "in": "19. Sofiane Boufal",
                            "out": "11. Dusan Tadic"
                        },
                        {
                            "minute": "81",
                            "in": "10. Charlie Austin",
                            "out": "7. Shane Long"
                        },
                        {
                            "minute": "88",
                            "out": "25. Craig Dawson"
                        }
                    ],
                    "goals": [
                        {
                            "own_goal": "false",
                            "scorer": "19. Sofiane Boufal",
                            "minute": "85"
                        }
                    ],
                    "cards": [
                        {
                            "player": "22. Nacer Chadli",
                            "card": "yellow",
                            "minute": "67"
                        }
                    ],
                    "referee": "Graham Scott",
                    "kick_off": "17:30"
                },
                "away_team": "West Brom",
                "score": "1-0",
                "home_team": "Southampton",
                "url": "https://www.premierleague.com/match/22427"
            },
            {
                "details": {
                    "substitutions": [
                        {
                            "minute": "32",
                            "in": "2. Nyom",
                            "out": "6. Jonny Evans"
                        },
                        {
                            "minute": "53",
                            "in": "23. Gareth McAuley",
                            "out": "18. Gareth Barry"
                        },
                        {
                            "minute": "69",
                            "in": "22. Nathan Redmond",
                            "out": "14. Oriol Romeu"
                        },
                        {
                            "minute": "77",
                            "in": "10. Matt Phillips",
                            "out": "22. Nacer Chadli"
                        },
                        {
                            "minute": "81",
                            "in": "19. Sofiane Boufal",
                            "out": "11. Dusan Tadic"
                        },
                        {
                            "minute": "81",
                            "in": "10. Charlie Austin",
                            "out": "7. Shane Long"
                        },
                        {
                            "minute": "88",
                            "out": "25. Craig Dawson"
                        }
                    ],
                    "goals": [
                        {
                            "own_goal": "false",
                            "scorer": "19. Sofiane Boufal",
                            "minute": "85"
                        }
                    ],
                    "cards": [
                        {
                            "player": "22. Nacer Chadli",
                            "card": "yellow",
                            "minute": "67"
                        }
                    ],
                    "referee": "Graham Scott",
                    "kick_off": "17:30"
                },
                "away_team": "West Brom",
                "score": "1-0",
                "home_team": "Southampton",
                "url": "https://www.premierleague.com/match/22427"
            },
            {
                "details": {
                    "substitutions": [
                        {
                            "minute": "32",
                            "in": "2. Nyom",
                            "out": "6. Jonny Evans"
                        },
                        {
                            "minute": "53",
                            "in": "23. Gareth McAuley",
                            "out": "18. Gareth Barry"
                        },
                        {
                            "minute": "69",
                            "in": "22. Nathan Redmond",
                            "out": "14. Oriol Romeu"
                        },
                        {
                            "minute": "77",
                            "in": "10. Matt Phillips",
                            "out": "22. Nacer Chadli"
                        },
                        {
                            "minute": "81",
                            "in": "19. Sofiane Boufal",
                            "out": "11. Dusan Tadic"
                        },
                        {
                            "minute": "81",
                            "in": "10. Charlie Austin",
                            "out": "7. Shane Long"
                        },
                        {
                            "minute": "88",
                            "out": "25. Craig Dawson"
                        }
                    ],
                    "goals": [
                        {
                            "own_goal": "false",
                            "scorer": "19. Sofiane Boufal",
                            "minute": "85"
                        }
                    ],
                    "cards": [
                        {
                            "player": "22. Nacer Chadli",
                            "card": "yellow",
                            "minute": "67"
                        }
                    ],
                    "referee": "Graham Scott",
                    "kick_off": "17:30"
                },
                "away_team": "West Brom",
                "score": "1-0",
                "home_team": "Southampton",
                "url": "https://www.premierleague.com/match/22427"
            },
            {
                "details": {
                    "substitutions": [
                        {
                            "minute": "32",
                            "in": "2. Nyom",
                            "out": "6. Jonny Evans"
                        },
                        {
                            "minute": "53",
                            "in": "23. Gareth McAuley",
                            "out": "18. Gareth Barry"
                        },
                        {
                            "minute": "69",
                            "in": "22. Nathan Redmond",
                            "out": "14. Oriol Romeu"
                        },
                        {
                            "minute": "77",
                            "in": "10. Matt Phillips",
                            "out": "22. Nacer Chadli"
                        },
                        {
                            "minute": "81",
                            "in": "19. Sofiane Boufal",
                            "out": "11. Dusan Tadic"
                        },
                        {
                            "minute": "81",
                            "in": "10. Charlie Austin",
                            "out": "7. Shane Long"
                        },
                        {
                            "minute": "88",
                            "out": "25. Craig Dawson"
                        }
                    ],
                    "goals": [
                        {
                            "own_goal": "false",
                            "scorer": "19. Sofiane Boufal",
                            "minute": "85"
                        }
                    ],
                    "cards": [
                        {
                            "player": "22. Nacer Chadli",
                            "card": "yellow",
                            "minute": "67"
                        }
                    ],
                    "referee": "Graham Scott",
                    "kick_off": "17:30"
                },
                "away_team": "West Brom",
                "score": "1-0",
                "home_team": "Southampton",
                "url": "https://www.premierleague.com/match/22427"
            },
            {
                "details": {
                    "substitutions": [
                        {
                            "minute": "32",
                            "in": "2. Nyom",
                            "out": "6. Jonny Evans"
                        },
                        {
                            "minute": "53",
                            "in": "23. Gareth McAuley",
                            "out": "18. Gareth Barry"
                        },
                        {
                            "minute": "69",
                            "in": "22. Nathan Redmond",
                            "out": "14. Oriol Romeu"
                        },
                        {
                            "minute": "77",
                            "in": "10. Matt Phillips",
                            "out": "22. Nacer Chadli"
                        },
                        {
                            "minute": "81",
                            "in": "19. Sofiane Boufal",
                            "out": "11. Dusan Tadic"
                        },
                        {
                            "minute": "81",
                            "in": "10. Charlie Austin",
                            "out": "7. Shane Long"
                        },
                        {
                            "minute": "88",
                            "out": "25. Craig Dawson"
                        }
                    ],
                    "goals": [
                        {
                            "own_goal": "false",
                            "scorer": "19. Sofiane Boufal",
                            "minute": "85"
                        }
                    ],
                    "cards": [
                        {
                            "player": "22. Nacer Chadli",
                            "card": "yellow",
                            "minute": "67"
                        }
                    ],
                    "referee": "Graham Scott",
                    "kick_off": "17:30"
                },
                "away_team": "West Brom",
                "score": "1-0",
                "home_team": "Southampton",
                "url": "https://www.premierleague.com/match/22427"
            }
        ],
        "date": "Saturday 21 October 2017"
    }
]