[
    {
        "fixtures": [
            {
                "details": {
                    "substitutions": [
                        {
                            "minute": "55",
                            "in": "2. Ciaran Clark",
                            "out": "6. Jamaal Lascelles"
                        },
                        {
                            "minute": "68",
                            "in": "17. Ayoze Pérez",
                            "out": "21. Joselu"
                        },
                        {
                            "minute": "75",
                            "in": "15. Adam Smith",
                            "out": "13. Callum Wilson"
                        },
                        {
                            "minute": "76",
                            "in": "18. Jermain Defoe",
                            "out": "33. Jordon Ibe"
                        },
                        {
                            "minute": "82",
                            "in": "7. Jacob Murphy",
                            "out": "30. Christian Atsu"
                        }
                    ],
                    "goals": [
                        {
                            "own_goal": "false",
                            "additional": "2",
                            "assist": "Andrew Surman",
                            "scorer": "3. Steve Cook",
                            "minute": "90"
                        }
                    ],
                    "cards": [
                        {
                            "player": "6. Andrew Surman",
                            "card": "yellow",
                            "minute": "20"
                        },
                        {
                            "player": "20. Florian Lejeune",
                            "card": "yellow",
                            "minute": "63"
                        },
                        {
                            "player": "2. Simon Francis",
                            "card": "yellow",
                            "minute": "77"
                        },
                        {
                            "player": "8. Jonjo Shelvey",
                            "card": "yellow",
                            "minute": "84"
                        }
                    ],
                    "referee": "Paul Tierney",
                    "kick_off": "15:00"
                },
                "away_team": "Bournemouth",
                "score": "0-1",
                "home_team": "Newcastle",
                "url": "https://www.premierleague.com/match/22446"
            },
            {
                "details": {
                    "substitutions": [
                        {
                            "minute": "55",
                            "in": "2. Ciaran Clark",
                            "out": "6. Jamaal Lascelles"
                        },
                        {
                            "minute": "68",
                            "in": "17. Ayoze Pérez",
                            "out": "21. Joselu"
                        },
                        {
                            "minute": "75",
                            "in": "15. Adam Smith",
                            "out": "13. Callum Wilson"
                        },
                        {
                            "minute": "76",
                            "in": "18. Jermain Defoe",
                            "out": "33. Jordon Ibe"
                        },
                        {
                            "minute": "82",
                            "in": "7. Jacob Murphy",
                            "out": "30. Christian Atsu"
                        }
                    ],
                    "goals": [
                        {
                            "own_goal": "false",
                            "additional": "2",
                            "assist": "Andrew Surman",
                            "scorer": "3. Steve Cook",
                            "minute": "90"
                        }
                    ],
                    "cards": [
                        {
                            "player": "6. Andrew Surman",
                            "card": "yellow",
                            "minute": "20"
                        },
                        {
                            "player": "20. Florian Lejeune",
                            "card": "yellow",
                            "minute": "63"
                        },
                        {
                            "player": "2. Simon Francis",
                            "card": "yellow",
                            "minute": "77"
                        },
                        {
                            "player": "8. Jonjo Shelvey",
                            "card": "yellow",
                            "minute": "84"
                        }
                    ],
                    "referee": "Paul Tierney",
                    "kick_off": "15:00"
                },
                "away_team": "Bournemouth",
                "score": "0-1",
                "home_team": "Newcastle",
                "url": "https://www.premierleague.com/match/22446"
            },
            {
                "details": {
                    "substitutions": [
                        {
                            "minute": "55",
                            "in": "2. Ciaran Clark",
                            "out": "6. Jamaal Lascelles"
                        },
                        {
                            "minute": "68",
                            "in": "17. Ayoze Pérez",
                            "out": "21. Joselu"
                        },
                        {
                            "minute": "75",
                            "in": "15. Adam Smith",
                            "out": "13. Callum Wilson"
                        },
                        {
                            "minute": "76",
                            "in": "18. Jermain Defoe",
                            "out": "33. Jordon Ibe"
                        },
                        {
                            "minute": "82",
                            "in": "7. Jacob Murphy",
                            "out": "30. Christian Atsu"
                        }
                    ],
                    "goals": [
                        {
                            "own_goal": "false",
                            "additional": "2",
                            "assist": "Andrew Surman",
                            "scorer": "3. Steve Cook",
                            "minute": "90"
                        }
                    ],
                    "cards": [
                        {
                            "player": "6. Andrew Surman",
                            "card": "yellow",
                            "minute": "20"
                        },
                        {
                            "player": "20. Florian Lejeune",
                            "card": "yellow",
                            "minute": "63"
                        },
                        {
                            "player": "2. Simon Francis",
                            "card": "yellow",
                            "minute": "77"
                        },
                        {
                            "player": "8. Jonjo Shelvey",
                            "card": "yellow",
                            "minute": "84"
                        }
                    ],
                    "referee": "Paul Tierney",
                    "kick_off": "15:00"
                },
                "away_team": "Bournemouth",
                "score": "0-1",
                "home_team": "Newcastle",
                "url": "https://www.premierleague.com/match/22446"
            },
            {
                "details": {
                    "substitutions": [
                        {
                            "minute": "55",
                            "in": "2. Ciaran Clark",
                            "out": "6. Jamaal Lascelles"
                        },
                        {
                            "minute": "68",
                            "in": "17. Ayoze Pérez",
                            "out": "21. Joselu"
                        },
                        {
                            "minute": "75",
                            "in": "15. Adam Smith",
                            "out": "13. Callum Wilson"
                        },
                        {
                            "minute": "76",
                            "in": "18. Jermain Defoe",
                            "out": "33. Jordon Ibe"
                        },
                        {
                            "minute": "82",
                            "in": "7. Jacob Murphy",
                            "out": "30. Christian Atsu"
                        }
                    ],
                    "goals": [
                        {
                            "own_goal": "false",
                            "additional": "2",
                            "assist": "Andrew Surman",
                            "scorer": "3. Steve Cook",
                            "minute": "90"
                        }
                    ],
                    "cards": [
                        {
                            "player": "6. Andrew Surman",
                            "card": "yellow",
                            "minute": "20"
                        },
                        {
                            "player": "20. Florian Lejeune",
                            "card": "yellow",
                            "minute": "63"
                        },
                        {
                            "player": "2. Simon Francis",
                            "card": "yellow",
                            "minute": "77"
                        },
                        {
                            "player": "8. Jonjo Shelvey",
                            "card": "yellow",
                            "minute": "84"
                        }
                    ],
                    "referee": "Paul Tierney",
                    "kick_off": "15:00"
                },
                "away_team": "Bournemouth",
                "score": "0-1",
                "home_team": "Newcastle",
                "url": "https://www.premierleague.com/match/22446"
            },
            {
                "details": {
                    "substitutions": [
                        {
                            "minute": "55",
                            "in": "2. Ciaran Clark",
                            "out": "6. Jamaal Lascelles"
                        },
                        {
                            "minute": "68",
                            "in": "17. Ayoze Pérez",
                            "out": "21. Joselu"
                        },
                        {
                            "minute": "75",
                            "in": "15. Adam Smith",
                            "out": "13. Callum Wilson"
                        },
                        {
                            "minute": "76",
                            "in": "18. Jermain Defoe",
                            "out": "33. Jordon Ibe"
                        },
                        {
                            "minute": "82",
                            "in": "7. Jacob Murphy",
                            "out": "30. Christian Atsu"
                        }
                    ],
                    "goals": [
                        {
                            "own_goal": "false",
                            "additional": "2",
                            "assist": "Andrew Surman",
                            "scorer": "3. Steve Cook",
                            "minute": "90"
                        }
                    ],
                    "cards": [
                        {
                            "player": "6. Andrew Surman",
                            "card": "yellow",
                            "minute": "20"
                        },
                        {
                            "player": "20. Florian Lejeune",
                            "card": "yellow",
                            "minute": "63"
                        },
                        {
                            "player": "2. Simon Francis",
                            "card": "yellow",
                            "minute": "77"
                        },
                        {
                            "player": "8. Jonjo Shelvey",
                            "card": "yellow",
                            "minute": "84"
                        }
                    ],
                    "referee": "Paul Tierney",
                    "kick_off": "15:00"
                },
                "away_team": "Bournemouth",
                "score": "0-1",
                "home_team": "Newcastle",
                "url": "https://www.premierleague.com/match/22446"
            },
            {
                "details": {
                    "substitutions": [
                        {
                            "minute": "55",
                            "in": "2. Ciaran Clark",
                            "out": "6. Jamaal Lascelles"
                        },
                        {
                            "minute": "68",
                            "in": "17. Ayoze Pérez",
                            "out": "21. Joselu"
                        },
                        {
                            "minute": "75",
                            "in": "15. Adam Smith",
                            "out": "13. Callum Wilson"
                        },
                        {
                            "minute": "76",
                            "in": "18. Jermain Defoe",
                            "out": "33. Jordon Ibe"
                        },
                        {
                            "minute": "82",
                            "in": "7. Jacob Murphy",
                            "out": "30. Christian Atsu"
                        }
                    ],
                    "goals": [
                        {
                            "own_goal": "false",
                            "additional": "2",
                            "assist": "Andrew Surman",
                            "scorer": "3. Steve Cook",
                            "minute": "90"
                        }
                    ],
                    "cards": [
                        {
                            "player": "6. Andrew Surman",
                            "card": "yellow",
                            "minute": "20"
                        },
                        {
                            "player": "20. Florian Lejeune",
                            "card": "yellow",
                            "minute": "63"
                        },
                        {
                            "player": "2. Simon Francis",
                            "card": "yellow",
                            "minute": "77"
                        },
                        {
                            "player": "8. Jonjo Shelvey",
                            "card": "yellow",
                            "minute": "84"
                        }
                    ],
                    "referee": "Paul Tierney",
                    "kick_off": "15:00"
                },
                "away_team": "Bournemouth",
                "score": "0-1",
                "home_team": "Newcastle",
                "url": "https://www.premierleague.com/match/22446"
            }
        ],
        "date": "Saturday 4 November 2017"
    }
]