[
    {
        "fixtures": [
            {
                "details": {
                    "substitutions": [
                        {
                            "minute": "62",
                            "in": "27. Marouane Fellaini",
                            "out": "4. Phil Jones"
                        },
                        {
                            "minute": "62",
                            "in": "11. Anthony Martial",
                            "out": "22. Henrikh Mkhitaryan"
                        },
                        {
                            "minute": "66",
                            "in": "2. Antonio Rüdiger",
                            "out": "21. Davide Zappacosta"
                        },
                        {
                            "minute": "78",
                            "in": "14. Jesse Lingard",
                            "out": "18. Ashley Young"
                        },
                        {
                            "minute": "79",
                            "in": "6. Daniel Drinkwater",
                            "out": "4. Cesc Fàbregas"
                        },
                        {
                            "minute": "87",
                            "in": "22. Willian",
                            "out": "10. Eden Hazard"
                        }
                    ],
                    "goals": [
                        {
                            "own_goal": "false",
                            "assist": "César Azpilicueta",
                            "scorer": "9. Álvaro Morata",
                            "minute": "55"
                        }
                    ],
                    "cards": [
                        {
                            "player": "14. Tiemoué Bakayoko",
                            "card": "yellow",
                            "minute": "20"
                        },
                        {
                            "player": "4. Phil Jones",
                            "card": "yellow",
                            "minute": "49"
                        },
                        {
                            "player": "21. Ander Herrera",
                            "card": "yellow",
                            "minute": "51"
                        },
                        {
                            "player": "27. Marouane Fellaini",
                            "card": "yellow",
                            "minute": "71"
                        }
                    ],
                    "referee": "Anthony Taylor",
                    "kick_off": "16:30"
                },
                "away_team": "Man Utd",
                "score": "1-0",
                "home_team": "Chelsea",
                "url": "https://www.premierleague.com/match/22442"
            },
            {
                "details": {
                    "substitutions": [
                        {
                            "minute": "62",
                            "in": "27. Marouane Fellaini",
                            "out": "4. Phil Jones"
                        },
                        {
                            "minute": "62",
                            "in": "11. Anthony Martial",
                            "out": "22. Henrikh Mkhitaryan"
                        },
                        {
                            "minute": "66",
                            "in": "2. Antonio Rüdiger",
                            "out": "21. Davide Zappacosta"
                        },
                        {
                            "minute": "78",
                            "in": "14. Jesse Lingard",
                            "out": "18. Ashley Young"
                        },
                        {
                            "minute": "79",
                            "in": "6. Daniel Drinkwater",
                            "out": "4. Cesc Fàbregas"
                        },
                        {
                            "minute": "87",
                            "in": "22. Willian",
                            "out": "10. Eden Hazard"
                        }
                    ],
                    "goals": [
                        {
                            "own_goal": "false",
                            "assist": "César Azpilicueta",
                            "scorer": "9. Álvaro Morata",
                            "minute": "55"
                        }
                    ],
                    "cards": [
                        {
                            "player": "14. Tiemoué Bakayoko",
                            "card": "yellow",
                            "minute": "20"
                        },
                        {
                            "player": "4. Phil Jones",
                            "card": "yellow",
                            "minute": "49"
                        },
                        {
                            "player": "21. Ander Herrera",
                            "card": "yellow",
                            "minute": "51"
                        },
                        {
                            "player": "27. Marouane Fellaini",
                            "card": "yellow",
                            "minute": "71"
                        }
                    ],
                    "referee": "Anthony Taylor",
                    "kick_off": "16:30"
                },
                "away_team": "Man Utd",
                "score": "1-0",
                "home_team": "Chelsea",
                "url": "https://www.premierleague.com/match/22442"
            },
            {
                "details": {
                    "substitutions": [
                        {
                            "minute": "62",
                            "in": "27. Marouane Fellaini",
                            "out": "4. Phil Jones"
                        },
                        {
                            "minute": "62",
                            "in": "11. Anthony Martial",
                            "out": "22. Henrikh Mkhitaryan"
                        },
                        {
                            "minute": "66",
                            "in": "2. Antonio Rüdiger",
                            "out": "21. Davide Zappacosta"
                        },
                        {
                            "minute": "78",
                            "in": "14. Jesse Lingard",
                            "out": "18. Ashley Young"
                        },
                        {
                            "minute": "79",
                            "in": "6. Daniel Drinkwater",
                            "out": "4. Cesc Fàbregas"
                        },
                        {
                            "minute": "87",
                            "in": "22. Willian",
                            "out": "10. Eden Hazard"
                        }
                    ],
                    "goals": [
                        {
                            "own_goal": "false",
                            "assist": "César Azpilicueta",
                            "scorer": "9. Álvaro Morata",
                            "minute": "55"
                        }
                    ],
                    "cards": [
                        {
                            "player": "14. Tiemoué Bakayoko",
                            "card": "yellow",
                            "minute": "20"
                        },
                        {
                            "player": "4. Phil Jones",
                            "card": "yellow",
                            "minute": "49"
                        },
                        {
                            "player": "21. Ander Herrera",
                            "card": "yellow",
                            "minute": "51"
                        },
                        {
                            "player": "27. Marouane Fellaini",
                            "card": "yellow",
                            "minute": "71"
                        }
                    ],
                    "referee": "Anthony Taylor",
                    "kick_off": "16:30"
                },
                "away_team": "Man Utd",
                "score": "1-0",
                "home_team": "Chelsea",
                "url": "https://www.premierleague.com/match/22442"
            },
            {
                "details": {
                    "substitutions": [
                        {
                            "minute": "62",
                            "in": "27. Marouane Fellaini",
                            "out": "4. Phil Jones"
                        },
                        {
                            "minute": "62",
                            "in": "11. Anthony Martial",
                            "out": "22. Henrikh Mkhitaryan"
                        },
                        {
                            "minute": "66",
                            "in": "2. Antonio Rüdiger",
                            "out": "21. Davide Zappacosta"
                        },
                        {
                            "minute": "78",
                            "in": "14. Jesse Lingard",
                            "out": "18. Ashley Young"
                        },
                        {
                            "minute": "79",
                            "in": "6. Daniel Drinkwater",
                            "out": "4. Cesc Fàbregas"
                        },
                        {
                            "minute": "87",
                            "in": "22. Willian",
                            "out": "10. Eden Hazard"
                        }
                    ],
                    "goals": [
                        {
                            "own_goal": "false",
                            "assist": "César Azpilicueta",
                            "scorer": "9. Álvaro Morata",
                            "minute": "55"
                        }
                    ],
                    "cards": [
                        {
                            "player": "14. Tiemoué Bakayoko",
                            "card": "yellow",
                            "minute": "20"
                        },
                        {
                            "player": "4. Phil Jones",
                            "card": "yellow",
                            "minute": "49"
                        },
                        {
                            "player": "21. Ander Herrera",
                            "card": "yellow",
                            "minute": "51"
                        },
                        {
                            "player": "27. Marouane Fellaini",
                            "card": "yellow",
                            "minute": "71"
                        }
                    ],
                    "referee": "Anthony Taylor",
                    "kick_off": "16:30"
                },
                "away_team": "Man Utd",
                "score": "1-0",
                "home_team": "Chelsea",
                "url": "https://www.premierleague.com/match/22442"
            }
        ],
        "date": "Sunday 5 November 2017"
    }
]