[
    {
        "fixtures": [
            {
                "details": {
                    "substitutions": [
                        {
                            "minute": "66",
                            "in": "16. Rolando Aarons",
                            "out": "11. Matt Ritchie"
                        },
                        {
                            "minute": "70",
                            "in": "27. Marouane Fellaini",
                            "out": "6. Paul Pogba"
                        },
                        {
                            "minute": "71",
                            "in": "45. Aleksandar Mitrovic",
                            "out": "21. Joselu"
                        },
                        {
                            "minute": "77",
                            "in": "10. Zlatan Ibrahimovic",
                            "out": "11. Anthony Martial"
                        },
                        {
                            "minute": "77",
                            "in": "10. Mohamed Diamé",
                            "out": "9. Dwight Gayle"
                        },
                        {
                            "minute": "83",
                            "in": "21. Ander Herrera",
                            "out": "8. Juan Mata"
                        }
                    ],
                    "goals": [
                        {
                            "own_goal": "false",
                            "assist": "DeAndre Yedlin",
                            "scorer": "9. Dwight Gayle",
                            "minute": "14"
                        },
                        {
                            "own_goal": "false",
                            "assist": "Paul Pogba",
                            "scorer": "11. Anthony Martial",
                            "minute": "37"
                        },
                        {
                            "own_goal": "false",
                            "additional": "1",
                            "assist": "Ashley Young",
                            "scorer": "12. Chris Smalling",
                            "minute": "45"
                        },
                        {
                            "own_goal": "false",
                            "assist": "Marcus Rashford",
                            "scorer": "6. Paul Pogba",
                            "minute": "54"
                        },
                        {
                            "own_goal": "false",
                            "assist": "Juan Mata",
                            "scorer": "9. Romelu Lukaku",
                            "minute": "70"
                        }
                    ],
                    "cards": [
                        {
                            "player": "14. Isaac Hayden",
                            "card": "yellow",
                            "minute": "12"
                        },
                        {
                            "player": "12. Chris Smalling",
                            "card": "yellow",
                            "minute": "67"
                        }
                    ],
                    "referee": "Craig Pawson",
                    "kick_off": "17:30"
                },
                "away_team": "Newcastle",
                "score": "4-1",
                "home_team": "Man Utd",
                "url": "https://www.premierleague.com/match/22459"
            },
            {
                "details": {
                    "substitutions": [
                        {
                            "minute": "66",
                            "in": "16. Rolando Aarons",
                            "out": "11. Matt Ritchie"
                        },
                        {
                            "minute": "70",
                            "in": "27. Marouane Fellaini",
                            "out": "6. Paul Pogba"
                        },
                        {
                            "minute": "71",
                            "in": "45. Aleksandar Mitrovic",
                            "out": "21. Joselu"
                        },
                        {
                            "minute": "77",
                            "in": "10. Zlatan Ibrahimovic",
                            "out": "11. Anthony Martial"
                        },
                        {
                            "minute": "77",
                            "in": "10. Mohamed Diamé",
                            "out": "9. Dwight Gayle"
                        },
                        {
                            "minute": "83",
                            "in": "21. Ander Herrera",
                            "out": "8. Juan Mata"
                        }
                    ],
                    "goals": [
                        {
                            "own_goal": "false",
                            "assist": "DeAndre Yedlin",
                            "scorer": "9. Dwight Gayle",
                            "minute": "14"
                        },
                        {
                            "own_goal": "false",
                            "assist": "Paul Pogba",
                            "scorer": "11. Anthony Martial",
                            "minute": "37"
                        },
                        {
                            "own_goal": "false",
                            "additional": "1",
                            "assist": "Ashley Young",
                            "scorer": "12. Chris Smalling",
                            "minute": "45"
                        },
                        {
                            "own_goal": "false",
                            "assist": "Marcus Rashford",
                            "scorer": "6. Paul Pogba",
                            "minute": "54"
                        },
                        {
                            "own_goal": "false",
                            "assist": "Juan Mata",
                            "scorer": "9. Romelu Lukaku",
                            "minute": "70"
                        }
                    ],
                    "cards": [
                        {
                            "player": "14. Isaac Hayden",
                            "card": "yellow",
                            "minute": "12"
                        },
                        {
                            "player": "12. Chris Smalling",
                            "card": "yellow",
                            "minute": "67"
                        }
                    ],
                    "referee": "Craig Pawson",
                    "kick_off": "17:30"
                },
                "away_team": "Newcastle",
                "score": "4-1",
                "home_team": "Man Utd",
                "url": "https://www.premierleague.com/match/22459"
            },
            {
                "details": {
                    "substitutions": [
                        {
                            "minute": "66",
                            "in": "16. Rolando Aarons",
                            "out": "11. Matt Ritchie"
                        },
                        {
                            "minute": "70",
                            "in": "27. Marouane Fellaini",
                            "out": "6. Paul Pogba"
                        },
                        {
                            "minute": "71",
                            "in": "45. Aleksandar Mitrovic",
                            "out": "21. Joselu"
                        },
                        {
                            "minute": "77",
                            "in": "10. Zlatan Ibrahimovic",
                            "out": "11. Anthony Martial"
                        },
                        {
                            "minute": "77",
                            "in": "10. Mohamed Diamé",
                            "out": "9. Dwight Gayle"
                        },
                        {
                            "minute": "83",
                            "in": "21. Ander Herrera",
                            "out": "8. Juan Mata"
                        }
                    ],
                    "goals": [
                        {
                            "own_goal": "false",
                            "assist": "DeAndre Yedlin",
                            "scorer": "9. Dwight Gayle",
                            "minute": "14"
                        },
                        {
                            "own_goal": "false",
                            "assist": "Paul Pogba",
                            "scorer": "11. Anthony Martial",
                            "minute": "37"
                        },
                        {
                            "own_goal": "false",
                            "additional": "1",
                            "assist": "Ashley Young",
                            "scorer": "12. Chris Smalling",
                            "minute": "45"
                        },
                        {
                            "own_goal": "false",
                            "assist": "Marcus Rashford",
                            "scorer": "6. Paul Pogba",
                            "minute": "54"
                        },
                        {
                            "own_goal": "false",
                            "assist": "Juan Mata",
                            "scorer": "9. Romelu Lukaku",
                            "minute": "70"
                        }
                    ],
                    "cards": [
                        {
                            "player": "14. Isaac Hayden",
                            "card": "yellow",
                            "minute": "12"
                        },
                        {
                            "player": "12. Chris Smalling",
                            "card": "yellow",
                            "minute": "67"
                        }
                    ],
                    "referee": "Craig Pawson",
                    "kick_off": "17:30"
                },
                "away_team": "Newcastle",
                "score": "4-1",
                "home_team": "Man Utd",
                "url": "https://www.premierleague.com/match/22459"
            },
            {
                "details": {
                    "substitutions": [
                        {
                            "minute": "66",
                            "in": "16. Rolando Aarons",
                            "out": "11. Matt Ritchie"
                        },
                        {
                            "minute": "70",
                            "in": "27. Marouane Fellaini",
                            "out": "6. Paul Pogba"
                        },
                        {
                            "minute": "71",
                            "in": "45. Aleksandar Mitrovic",
                            "out": "21. Joselu"
                        },
                        {
                            "minute": "77",
                            "in": "10. Zlatan Ibrahimovic",
                            "out": "11. Anthony Martial"
                        },
                        {
                            "minute": "77",
                            "in": "10. Mohamed Diamé",
                            "out": "9. Dwight Gayle"
                        },
                        {
                            "minute": "83",
                            "in": "21. Ander Herrera",
                            "out": "8. Juan Mata"
                        }
                    ],
                    "goals": [
                        {
                            "own_goal": "false",
                            "assist": "DeAndre Yedlin",
                            "scorer": "9. Dwight Gayle",
                            "minute": "14"
                        },
                        {
                            "own_goal": "false",
                            "assist": "Paul Pogba",
                            "scorer": "11. Anthony Martial",
                            "minute": "37"
                        },
                        {
                            "own_goal": "false",
                            "additional": "1",
                            "assist": "Ashley Young",
                            "scorer": "12. Chris Smalling",
                            "minute": "45"
                        },
                        {
                            "own_goal": "false",
                            "assist": "Marcus Rashford",
                            "scorer": "6. Paul Pogba",
                            "minute": "54"
                        },
                        {
                            "own_goal": "false",
                            "assist": "Juan Mata",
                            "scorer": "9. Romelu Lukaku",
                            "minute": "70"
                        }
                    ],
                    "cards": [
                        {
                            "player": "14. Isaac Hayden",
                            "card": "yellow",
                            "minute": "12"
                        },
                        {
                            "player": "12. Chris Smalling",
                            "card": "yellow",
                            "minute": "67"
                        }
                    ],
                    "referee": "Craig Pawson",
                    "kick_off": "17:30"
                },
                "away_team": "Newcastle",
                "score": "4-1",
                "home_team": "Man Utd",
                "url": "https://www.premierleague.com/match/22459"
            },
            {
                "details": {
                    "substitutions": [
                        {
                            "minute": "66",
                            "in": "16. Rolando Aarons",
                            "out": "11. Matt Ritchie"
                        },
                        {
                            "minute": "70",
                            "in": "27. Marouane Fellaini",
                            "out": "6. Paul Pogba"
                        },
                        {
                            "minute": "71",
                            "in": "45. Aleksandar Mitrovic",
                            "out": "21. Joselu"
                        },
                        {
                            "minute": "77",
                            "in": "10. Zlatan Ibrahimovic",
                            "out": "11. Anthony Martial"
                        },
                        {
                            "minute": "77",
                            "in": "10. Mohamed Diamé",
                            "out": "9. Dwight Gayle"
                        },
                        {
                            "minute": "83",
                            "in": "21. Ander Herrera",
                            "out": "8. Juan Mata"
                        }
                    ],
                    "goals": [
                        {
                            "own_goal": "false",
                            "assist": "DeAndre Yedlin",
                            "scorer": "9. Dwight Gayle",
                            "minute": "14"
                        },
                        {
                            "own_goal": "false",
                            "assist": "Paul Pogba",
                            "scorer": "11. Anthony Martial",
                            "minute": "37"
                        },
                        {
                            "own_goal": "false",
                            "additional": "1",
                            "assist": "Ashley Young",
                            "scorer": "12. Chris Smalling",
                            "minute": "45"
                        },
                        {
                            "own_goal": "false",
                            "assist": "Marcus Rashford",
                            "scorer": "6. Paul Pogba",
                            "minute": "54"
                        },
                        {
                            "own_goal": "false",
                            "assist": "Juan Mata",
                            "scorer": "9. Romelu Lukaku",
                            "minute": "70"
                        }
                    ],
                    "cards": [
                        {
                            "player": "14. Isaac Hayden",
                            "card": "yellow",
                            "minute": "12"
                        },
                        {
                            "player": "12. Chris Smalling",
                            "card": "yellow",
                            "minute": "67"
                        }
                    ],
                    "referee": "Craig Pawson",
                    "kick_off": "17:30"
                },
                "away_team": "Newcastle",
                "score": "4-1",
                "home_team": "Man Utd",
                "url": "https://www.premierleague.com/match/22459"
            },
            {
                "details": {
                    "substitutions": [
                        {
                            "minute": "66",
                            "in": "16. Rolando Aarons",
                            "out": "11. Matt Ritchie"
                        },
                        {
                            "minute": "70",
                            "in": "27. Marouane Fellaini",
                            "out": "6. Paul Pogba"
                        },
                        {
                            "minute": "71",
                            "in": "45. Aleksandar Mitrovic",
                            "out": "21. Joselu"
                        },
                        {
                            "minute": "77",
                            "in": "10. Zlatan Ibrahimovic",
                            "out": "11. Anthony Martial"
                        },
                        {
                            "minute": "77",
                            "in": "10. Mohamed Diamé",
                            "out": "9. Dwight Gayle"
                        },
                        {
                            "minute": "83",
                            "in": "21. Ander Herrera",
                            "out": "8. Juan Mata"
                        }
                    ],
                    "goals": [
                        {
                            "own_goal": "false",
                            "assist": "DeAndre Yedlin",
                            "scorer": "9. Dwight Gayle",
                            "minute": "14"
                        },
                        {
                            "own_goal": "false",
                            "assist": "Paul Pogba",
                            "scorer": "11. Anthony Martial",
                            "minute": "37"
                        },
                        {
                            "own_goal": "false",
                            "additional": "1",
                            "assist": "Ashley Young",
                            "scorer": "12. Chris Smalling",
                            "minute": "45"
                        },
                        {
                            "own_goal": "false",
                            "assist": "Marcus Rashford",
                            "scorer": "6. Paul Pogba",
                            "minute": "54"
                        },
                        {
                            "own_goal": "false",
                            "assist": "Juan Mata",
                            "scorer": "9. Romelu Lukaku",
                            "minute": "70"
                        }
                    ],
                    "cards": [
                        {
                            "player": "14. Isaac Hayden",
                            "card": "yellow",
                            "minute": "12"
                        },
                        {
                            "player": "12. Chris Smalling",
                            "card": "yellow",
                            "minute": "67"
                        }
                    ],
                    "referee": "Craig Pawson",
                    "kick_off": "17:30"
                },
                "away_team": "Newcastle",
                "score": "4-1",
                "home_team": "Man Utd",
                "url": "https://www.premierleague.com/match/22459"
            },
            {
                "details": {
                    "substitutions": [
                        {
                            "minute": "66",
                            "in": "16. Rolando Aarons",
                            "out": "11. Matt Ritchie"
                        },
                        {
                            "minute": "70",
                            "in": "27. Marouane Fellaini",
                            "out": "6. Paul Pogba"
                        },
                        {
                            "minute": "71",
                            "in": "45. Aleksandar Mitrovic",
                            "out": "21. Joselu"
                        },
                        {
                            "minute": "77",
                            "in": "10. Zlatan Ibrahimovic",
                            "out": "11. Anthony Martial"
                        },
                        {
                            "minute": "77",
                            "in": "10. Mohamed Diamé",
                            "out": "9. Dwight Gayle"
                        },
                        {
                            "minute": "83",
                            "in": "21. Ander Herrera",
                            "out": "8. Juan Mata"
                        }
                    ],
                    "goals": [
                        {
                            "own_goal": "false",
                            "assist": "DeAndre Yedlin",
                            "scorer": "9. Dwight Gayle",
                            "minute": "14"
                        },
                        {
                            "own_goal": "false",
                            "assist": "Paul Pogba",
                            "scorer": "11. Anthony Martial",
                            "minute": "37"
                        },
                        {
                            "own_goal": "false",
                            "additional": "1",
                            "assist": "Ashley Young",
                            "scorer": "12. Chris Smalling",
                            "minute": "45"
                        },
                        {
                            "own_goal": "false",
                            "assist": "Marcus Rashford",
                            "scorer": "6. Paul Pogba",
                            "minute": "54"
                        },
                        {
                            "own_goal": "false",
                            "assist": "Juan Mata",
                            "scorer": "9. Romelu Lukaku",
                            "minute": "70"
                        }
                    ],
                    "cards": [
                        {
                            "player": "14. Isaac Hayden",
                            "card": "yellow",
                            "minute": "12"
                        },
                        {
                            "player": "12. Chris Smalling",
                            "card": "yellow",
                            "minute": "67"
                        }
                    ],
                    "referee": "Craig Pawson",
                    "kick_off": "17:30"
                },
                "away_team": "Newcastle",
                "score": "4-1",
                "home_team": "Man Utd",
                "url": "https://www.premierleague.com/match/22459"
            },
            {
                "details": {
                    "substitutions": [
                        {
                            "minute": "66",
                            "in": "16. Rolando Aarons",
                            "out": "11. Matt Ritchie"
                        },
                        {
                            "minute": "70",
                            "in": "27. Marouane Fellaini",
                            "out": "6. Paul Pogba"
                        },
                        {
                            "minute": "71",
                            "in": "45. Aleksandar Mitrovic",
                            "out": "21. Joselu"
                        },
                        {
                            "minute": "77",
                            "in": "10. Zlatan Ibrahimovic",
                            "out": "11. Anthony Martial"
                        },
                        {
                            "minute": "77",
                            "in": "10. Mohamed Diamé",
                            "out": "9. Dwight Gayle"
                        },
                        {
                            "minute": "83",
                            "in": "21. Ander Herrera",
                            "out": "8. Juan Mata"
                        }
                    ],
                    "goals": [
                        {
                            "own_goal": "false",
                            "assist": "DeAndre Yedlin",
                            "scorer": "9. Dwight Gayle",
                            "minute": "14"
                        },
                        {
                            "own_goal": "false",
                            "assist": "Paul Pogba",
                            "scorer": "11. Anthony Martial",
                            "minute": "37"
                        },
                        {
                            "own_goal": "false",
                            "additional": "1",
                            "assist": "Ashley Young",
                            "scorer": "12. Chris Smalling",
                            "minute": "45"
                        },
                        {
                            "own_goal": "false",
                            "assist": "Marcus Rashford",
                            "scorer": "6. Paul Pogba",
                            "minute": "54"
                        },
                        {
                            "own_goal": "false",
                            "assist": "Juan Mata",
                            "scorer": "9. Romelu Lukaku",
                            "minute": "70"
                        }
                    ],
                    "cards": [
                        {
                            "player": "14. Isaac Hayden",
                            "card": "yellow",
                            "minute": "12"
                        },
                        {
                            "player": "12. Chris Smalling",
                            "card": "yellow",
                            "minute": "67"
                        }
                    ],
                    "referee": "Craig Pawson",
                    "kick_off": "17:30"
                },
                "away_team": "Newcastle",
                "score": "4-1",
                "home_team": "Man Utd",
                "url": "https://www.premierleague.com/match/22459"
            }
        ],
        "date": "Saturday 18 November 2017"
    }
]