[
    {
        "fixtures": [
            {
                "details": {
                    "substitutions": [
                        {
                            "minute": "65",
                            "in": "15. Diafra Sakho",
                            "out": "9. Andy Carroll"
                        },
                        {
                            "minute": "74",
                            "in": "26. Arthur Masuaku",
                            "out": "7. Marko Arnautovic"
                        },
                        {
                            "minute": "84",
                            "in": "37. Roberto Pereyra",
                            "out": "19. Will Hughes"
                        },
                        {
                            "minute": "86",
                            "in": "25. José Holebas",
                            "out": "21. Kiko Femenía"
                        },
                        {
                            "minute": "90",
                            "additional": "7",
                            "in": "28. André Carrillo",
                            "out": "18. Andre Gray"
                        }
                    ],
                    "goals": [
                        {
                            "own_goal": "false",
                            "assist": "Andre Gray",
                            "scorer": "19. Will Hughes",
                            "minute": "11"
                        },
                        {
                            "own_goal": "false",
                            "assist": "Will Hughes",
                            "scorer": "11. Richarlison",
                            "minute": "64"
                        }
                    ],
                    "cards": [
                        {
                            "player": "9. Andy Carroll",
                            "card": "yellow",
                            "minute": "28"
                        },
                        {
                            "player": "3. Miguel Britos",
                            "card": "yellow",
                            "minute": "29"
                        },
                        {
                            "player": "7. Marko Arnautovic",
                            "card": "yellow",
                            "minute": "35"
                        },
                        {
                            "player": "14. Pedro Obiang",
                            "card": "yellow",
                            "minute": "41"
                        },
                        {
                            "player": "16. Mark Noble",
                            "card": "yellow",
                            "minute": "83"
                        }
                    ],
                    "referee": "Andre Marriner",
                    "kick_off": "16:00"
                },
                "away_team": "West Ham",
                "score": "2-0",
                "home_team": "Watford",
                "url": "https://www.premierleague.com/match/22460"
            }
        ],
        "date": "Sunday 19 November 2017"
    }
]