[
    {
        "fixtures": [
            {
                "details": {
                    "substitutions": [
                        {
                            "minute": "74",
                            "in": "15. Chris Löwe",
                            "out": "3. Scott Malone"
                        },
                        {
                            "minute": "80",
                            "in": "33. Gabriel Jesus",
                            "out": "4. Vincent Kompany"
                        },
                        {
                            "minute": "81",
                            "in": "23. Collin Quaner",
                            "out": "22. Tom Ince"
                        },
                        {
                            "minute": "86",
                            "in": "24. Steve Mounie",
                            "out": "6. Jonathan Hogg"
                        },
                        {
                            "minute": "86",
                            "in": "8. Ilkay Gündogan",
                            "out": "10. Sergio Agüero"
                        },
                        {
                            "minute": "89",
                            "in": "15. Eliaquim Mangala",
                            "out": "21. David Silva"
                        }
                    ],
                    "goals": [
                        {
                            "own_goal": "true",
                            "additional": "1",
                            "scorer": "30. Nicolás Otamendi",
                            "minute": "45"
                        },
                        {
                            "own_goal": "false",
                            "scorer": "7. Raheem Sterling",
                            "minute": "84"
                        }
                    ],
                    "cards": [
                        {
                            "player": "6. Jonathan Hogg",
                            "card": "yellow",
                            "minute": "56"
                        },
                        {
                            "player": "25. Fernandinho",
                            "card": "yellow",
                            "minute": "63"
                        },
                        {
                            "player": "3. Scott Malone",
                            "card": "yellow",
                            "minute": "64"
                        },
                        {
                            "player": "21. David Silva",
                            "card": "yellow",
                            "minute": "87"
                        },
                        {
                            "player": "19. Leroy Sané",
                            "additional": "6",
                            "card": "yellow",
                            "minute": "90"
                        },
                        {
                            "player": "17. Rajiv van La Parra",
                            "additional": "6",
                            "card": "red",
                            "minute": "90"
                        }
                    ],
                    "referee": "Craig Pawson",
                    "kick_off": "16:00"
                },
                "away_team": "Man City",
                "score": "1-2",
                "home_team": "Huddersfield",
                "url": "https://www.premierleague.com/match/22464"
            },
            {
                "details": {
                    "substitutions": [
                        {
                            "minute": "74",
                            "in": "15. Chris Löwe",
                            "out": "3. Scott Malone"
                        },
                        {
                            "minute": "80",
                            "in": "33. Gabriel Jesus",
                            "out": "4. Vincent Kompany"
                        },
                        {
                            "minute": "81",
                            "in": "23. Collin Quaner",
                            "out": "22. Tom Ince"
                        },
                        {
                            "minute": "86",
                            "in": "24. Steve Mounie",
                            "out": "6. Jonathan Hogg"
                        },
                        {
                            "minute": "86",
                            "in": "8. Ilkay Gündogan",
                            "out": "10. Sergio Agüero"
                        },
                        {
                            "minute": "89",
                            "in": "15. Eliaquim Mangala",
                            "out": "21. David Silva"
                        }
                    ],
                    "goals": [
                        {
                            "own_goal": "true",
                            "additional": "1",
                            "scorer": "30. Nicolás Otamendi",
                            "minute": "45"
                        },
                        {
                            "own_goal": "false",
                            "scorer": "7. Raheem Sterling",
                            "minute": "84"
                        }
                    ],
                    "cards": [
                        {
                            "player": "6. Jonathan Hogg",
                            "card": "yellow",
                            "minute": "56"
                        },
                        {
                            "player": "25. Fernandinho",
                            "card": "yellow",
                            "minute": "63"
                        },
                        {
                            "player": "3. Scott Malone",
                            "card": "yellow",
                            "minute": "64"
                        },
                        {
                            "player": "21. David Silva",
                            "card": "yellow",
                            "minute": "87"
                        },
                        {
                            "player": "19. Leroy Sané",
                            "additional": "6",
                            "card": "yellow",
                            "minute": "90"
                        },
                        {
                            "player": "17. Rajiv van La Parra",
                            "additional": "6",
                            "card": "red",
                            "minute": "90"
                        }
                    ],
                    "referee": "Craig Pawson",
                    "kick_off": "16:00"
                },
                "away_team": "Man City",
                "score": "1-2",
                "home_team": "Huddersfield",
                "url": "https://www.premierleague.com/match/22464"
            },
            {
                "details": {
                    "substitutions": [
                        {
                            "minute": "74",
                            "in": "15. Chris Löwe",
                            "out": "3. Scott Malone"
                        },
                        {
                            "minute": "80",
                            "in": "33. Gabriel Jesus",
                            "out": "4. Vincent Kompany"
                        },
                        {
                            "minute": "81",
                            "in": "23. Collin Quaner",
                            "out": "22. Tom Ince"
                        },
                        {
                            "minute": "86",
                            "in": "24. Steve Mounie",
                            "out": "6. Jonathan Hogg"
                        },
                        {
                            "minute": "86",
                            "in": "8. Ilkay Gündogan",
                            "out": "10. Sergio Agüero"
                        },
                        {
                            "minute": "89",
                            "in": "15. Eliaquim Mangala",
                            "out": "21. David Silva"
                        }
                    ],
                    "goals": [
                        {
                            "own_goal": "true",
                            "additional": "1",
                            "scorer": "30. Nicolás Otamendi",
                            "minute": "45"
                        },
                        {
                            "own_goal": "false",
                            "scorer": "7. Raheem Sterling",
                            "minute": "84"
                        }
                    ],
                    "cards": [
                        {
                            "player": "6. Jonathan Hogg",
                            "card": "yellow",
                            "minute": "56"
                        },
                        {
                            "player": "25. Fernandinho",
                            "card": "yellow",
                            "minute": "63"
                        },
                        {
                            "player": "3. Scott Malone",
                            "card": "yellow",
                            "minute": "64"
                        },
                        {
                            "player": "21. David Silva",
                            "card": "yellow",
                            "minute": "87"
                        },
                        {
                            "player": "19. Leroy Sané",
                            "additional": "6",
                            "card": "yellow",
                            "minute": "90"
                        },
                        {
                            "player": "17. Rajiv van La Parra",
                            "additional": "6",
                            "card": "red",
                            "minute": "90"
                        }
                    ],
                    "referee": "Craig Pawson",
                    "kick_off": "16:00"
                },
                "away_team": "Man City",
                "score": "1-2",
                "home_team": "Huddersfield",
                "url": "https://www.premierleague.com/match/22464"
            }
        ],
        "date": "Sunday 26 November 2017"
    }
]