[
    {
        "fixtures": [
            {
                "details": {
                    "substitutions": [
                        {
                            "minute": "66",
                            "in": "5. Georginio Wijnaldum",
                            "out": "15. Daniel Sturridge"
                        },
                        {
                            "minute": "74",
                            "in": "4. Cesc Fàbregas",
                            "out": "6. Daniel Drinkwater"
                        },
                        {
                            "minute": "77",
                            "in": "11. Pedro",
                            "out": "14. Tiemoué Bakayoko"
                        },
                        {
                            "minute": "83",
                            "in": "22. Willian",
                            "out": "21. Davide Zappacosta"
                        },
                        {
                            "minute": "89",
                            "in": "20. Adam Lallana",
                            "out": "10. Philippe Coutinho"
                        },
                        {
                            "minute": "89",
                            "in": "19. Sadio Mané",
                            "out": "21. Alex Oxlade-Chamberlain"
                        }
                    ],
                    "goals": [
                        {
                            "own_goal": "false",
                            "assist": "Alex Oxlade-Chamberlain",
                            "scorer": "11. Mohamed Salah",
                            "minute": "65"
                        },
                        {
                            "own_goal": "false",
                            "assist": "Eden Hazard",
                            "scorer": "22. Willian",
                            "minute": "85"
                        }
                    ],
                    "cards": [],
                    "referee": "Michael Oliver",
                    "kick_off": "17:30"
                },
                "away_team": "Chelsea",
                "score": "1-1",
                "home_team": "Liverpool",
                "url": "https://www.premierleague.com/match/22465"
            },
            {
                "details": {
                    "substitutions": [
                        {
                            "minute": "66",
                            "in": "5. Georginio Wijnaldum",
                            "out": "15. Daniel Sturridge"
                        },
                        {
                            "minute": "74",
                            "in": "4. Cesc Fàbregas",
                            "out": "6. Daniel Drinkwater"
                        },
                        {
                            "minute": "77",
                            "in": "11. Pedro",
                            "out": "14. Tiemoué Bakayoko"
                        },
                        {
                            "minute": "83",
                            "in": "22. Willian",
                            "out": "21. Davide Zappacosta"
                        },
                        {
                            "minute": "89",
                            "in": "20. Adam Lallana",
                            "out": "10. Philippe Coutinho"
                        },
                        {
                            "minute": "89",
                            "in": "19. Sadio Mané",
                            "out": "21. Alex Oxlade-Chamberlain"
                        }
                    ],
                    "goals": [
                        {
                            "own_goal": "false",
                            "assist": "Alex Oxlade-Chamberlain",
                            "scorer": "11. Mohamed Salah",
                            "minute": "65"
                        },
                        {
                            "own_goal": "false",
                            "assist": "Eden Hazard",
                            "scorer": "22. Willian",
                            "minute": "85"
                        }
                    ],
                    "cards": [],
                    "referee": "Michael Oliver",
                    "kick_off": "17:30"
                },
                "away_team": "Chelsea",
                "score": "1-1",
                "home_team": "Liverpool",
                "url": "https://www.premierleague.com/match/22465"
            },
            {
                "details": {
                    "substitutions": [
                        {
                            "minute": "66",
                            "in": "5. Georginio Wijnaldum",
                            "out": "15. Daniel Sturridge"
                        },
                        {
                            "minute": "74",
                            "in": "4. Cesc Fàbregas",
                            "out": "6. Daniel Drinkwater"
                        },
                        {
                            "minute": "77",
                            "in": "11. Pedro",
                            "out": "14. Tiemoué Bakayoko"
                        },
                        {
                            "minute": "83",
                            "in": "22. Willian",
                            "out": "21. Davide Zappacosta"
                        },
                        {
                            "minute": "89",
                            "in": "20. Adam Lallana",
                            "out": "10. Philippe Coutinho"
                        },
                        {
                            "minute": "89",
                            "in": "19. Sadio Mané",
                            "out": "21. Alex Oxlade-Chamberlain"
                        }
                    ],
                    "goals": [
                        {
                            "own_goal": "false",
                            "assist": "Alex Oxlade-Chamberlain",
                            "scorer": "11. Mohamed Salah",
                            "minute": "65"
                        },
                        {
                            "own_goal": "false",
                            "assist": "Eden Hazard",
                            "scorer": "22. Willian",
                            "minute": "85"
                        }
                    ],
                    "cards": [],
                    "referee": "Michael Oliver",
                    "kick_off": "17:30"
                },
                "away_team": "Chelsea",
                "score": "1-1",
                "home_team": "Liverpool",
                "url": "https://www.premierleague.com/match/22465"
            },
            {
                "details": {
                    "substitutions": [
                        {
                            "minute": "66",
                            "in": "5. Georginio Wijnaldum",
                            "out": "15. Daniel Sturridge"
                        },
                        {
                            "minute": "74",
                            "in": "4. Cesc Fàbregas",
                            "out": "6. Daniel Drinkwater"
                        },
                        {
                            "minute": "77",
                            "in": "11. Pedro",
                            "out": "14. Tiemoué Bakayoko"
                        },
                        {
                            "minute": "83",
                            "in": "22. Willian",
                            "out": "21. Davide Zappacosta"
                        },
                        {
                            "minute": "89",
                            "in": "20. Adam Lallana",
                            "out": "10. Philippe Coutinho"
                        },
                        {
                            "minute": "89",
                            "in": "19. Sadio Mané",
                            "out": "21. Alex Oxlade-Chamberlain"
                        }
                    ],
                    "goals": [
                        {
                            "own_goal": "false",
                            "assist": "Alex Oxlade-Chamberlain",
                            "scorer": "11. Mohamed Salah",
                            "minute": "65"
                        },
                        {
                            "own_goal": "false",
                            "assist": "Eden Hazard",
                            "scorer": "22. Willian",
                            "minute": "85"
                        }
                    ],
                    "cards": [],
                    "referee": "Michael Oliver",
                    "kick_off": "17:30"
                },
                "away_team": "Chelsea",
                "score": "1-1",
                "home_team": "Liverpool",
                "url": "https://www.premierleague.com/match/22465"
            },
            {
                "details": {
                    "substitutions": [
                        {
                            "minute": "66",
                            "in": "5. Georginio Wijnaldum",
                            "out": "15. Daniel Sturridge"
                        },
                        {
                            "minute": "74",
                            "in": "4. Cesc Fàbregas",
                            "out": "6. Daniel Drinkwater"
                        },
                        {
                            "minute": "77",
                            "in": "11. Pedro",
                            "out": "14. Tiemoué Bakayoko"
                        },
                        {
                            "minute": "83",
                            "in": "22. Willian",
                            "out": "21. Davide Zappacosta"
                        },
                        {
                            "minute": "89",
                            "in": "20. Adam Lallana",
                            "out": "10. Philippe Coutinho"
                        },
                        {
                            "minute": "89",
                            "in": "19. Sadio Mané",
                            "out": "21. Alex Oxlade-Chamberlain"
                        }
                    ],
                    "goals": [
                        {
                            "own_goal": "false",
                            "assist": "Alex Oxlade-Chamberlain",
                            "scorer": "11. Mohamed Salah",
                            "minute": "65"
                        },
                        {
                            "own_goal": "false",
                            "assist": "Eden Hazard",
                            "scorer": "22. Willian",
                            "minute": "85"
                        }
                    ],
                    "cards": [],
                    "referee": "Michael Oliver",
                    "kick_off": "17:30"
                },
                "away_team": "Chelsea",
                "score": "1-1",
                "home_team": "Liverpool",
                "url": "https://www.premierleague.com/match/22465"
            },
            {
                "details": {
                    "substitutions": [
                        {
                            "minute": "66",
                            "in": "5. Georginio Wijnaldum",
                            "out": "15. Daniel Sturridge"
                        },
                        {
                            "minute": "74",
                            "in": "4. Cesc Fàbregas",
                            "out": "6. Daniel Drinkwater"
                        },
                        {
                            "minute": "77",
                            "in": "11. Pedro",
                            "out": "14. Tiemoué Bakayoko"
                        },
                        {
                            "minute": "83",
                            "in": "22. Willian",
                            "out": "21. Davide Zappacosta"
                        },
                        {
                            "minute": "89",
                            "in": "20. Adam Lallana",
                            "out": "10. Philippe Coutinho"
                        },
                        {
                            "minute": "89",
                            "in": "19. Sadio Mané",
                            "out": "21. Alex Oxlade-Chamberlain"
                        }
                    ],
                    "goals": [
                        {
                            "own_goal": "false",
                            "assist": "Alex Oxlade-Chamberlain",
                            "scorer": "11. Mohamed Salah",
                            "minute": "65"
                        },
                        {
                            "own_goal": "false",
                            "assist": "Eden Hazard",
                            "scorer": "22. Willian",
                            "minute": "85"
                        }
                    ],
                    "cards": [],
                    "referee": "Michael Oliver",
                    "kick_off": "17:30"
                },
                "away_team": "Chelsea",
                "score": "1-1",
                "home_team": "Liverpool",
                "url": "https://www.premierleague.com/match/22465"
            }
        ],
        "date": "Saturday 25 November 2017"
    }
]