[
    {
        "fixtures": [
            {
                "details": {
                    "substitutions": [
                        {
                            "minute": "54",
                            "in": "21. Ander Herrera",
                            "out": "31. Nemanja Matic"
                        },
                        {
                            "minute": "58",
                            "in": "37. Roberto Pereyra",
                            "out": "19. Will Hughes"
                        },
                        {
                            "minute": "58",
                            "in": "28. André Carrillo",
                            "out": "5. Sebastian Prödl"
                        },
                        {
                            "minute": "65",
                            "in": "19. Marcus Rashford",
                            "out": "11. Anthony Martial"
                        },
                        {
                            "minute": "72",
                            "in": "9. Troy Deeney",
                            "out": "18. Andre Gray"
                        },
                        {
                            "minute": "88",
                            "in": "10. Zlatan Ibrahimovic",
                            "out": "14. Jesse Lingard"
                        }
                    ],
                    "goals": [
                        {
                            "own_goal": "false",
                            "assist": "Jesse Lingard",
                            "scorer": "18. Ashley Young",
                            "minute": "19"
                        },
                        {
                            "own_goal": "false",
                            "scorer": "18. Ashley Young",
                            "minute": "25"
                        },
                        {
                            "own_goal": "false",
                            "assist": "Romelu Lukaku",
                            "scorer": "11. Anthony Martial",
                            "minute": "32"
                        },
                        {
                            "own_goal": "false",
                            "assist": "André Carrillo",
                            "scorer": "16. Abdoulaye Doucouré",
                            "minute": "84"
                        },
                        {
                            "own_goal": "false",
                            "assist": "Ander Herrera",
                            "scorer": "14. Jesse Lingard",
                            "minute": "86"
                        }
                    ],
                    "cards": [
                        {
                            "player": "16. Abdoulaye Doucouré",
                            "card": "yellow",
                            "minute": "24"
                        },
                        {
                            "player": "5. Marcos Rojo",
                            "card": "yellow",
                            "minute": "38"
                        },
                        {
                            "player": "6. Adrian Mariappa",
                            "card": "yellow",
                            "minute": "41"
                        }
                    ],
                    "referee": "Jonathan Moss",
                    "kick_off": "20:00"
                },
                "away_team": "Man Utd",
                "score": "2-4",
                "home_team": "Watford",
                "url": "https://www.premierleague.com/match/22476"
            },
            {
                "details": {
                    "substitutions": [
                        {
                            "minute": "54",
                            "in": "21. Ander Herrera",
                            "out": "31. Nemanja Matic"
                        },
                        {
                            "minute": "58",
                            "in": "37. Roberto Pereyra",
                            "out": "19. Will Hughes"
                        },
                        {
                            "minute": "58",
                            "in": "28. André Carrillo",
                            "out": "5. Sebastian Prödl"
                        },
                        {
                            "minute": "65",
                            "in": "19. Marcus Rashford",
                            "out": "11. Anthony Martial"
                        },
                        {
                            "minute": "72",
                            "in": "9. Troy Deeney",
                            "out": "18. Andre Gray"
                        },
                        {
                            "minute": "88",
                            "in": "10. Zlatan Ibrahimovic",
                            "out": "14. Jesse Lingard"
                        }
                    ],
                    "goals": [
                        {
                            "own_goal": "false",
                            "assist": "Jesse Lingard",
                            "scorer": "18. Ashley Young",
                            "minute": "19"
                        },
                        {
                            "own_goal": "false",
                            "scorer": "18. Ashley Young",
                            "minute": "25"
                        },
                        {
                            "own_goal": "false",
                            "assist": "Romelu Lukaku",
                            "scorer": "11. Anthony Martial",
                            "minute": "32"
                        },
                        {
                            "own_goal": "false",
                            "assist": "André Carrillo",
                            "scorer": "16. Abdoulaye Doucouré",
                            "minute": "84"
                        },
                        {
                            "own_goal": "false",
                            "assist": "Ander Herrera",
                            "scorer": "14. Jesse Lingard",
                            "minute": "86"
                        }
                    ],
                    "cards": [
                        {
                            "player": "16. Abdoulaye Doucouré",
                            "card": "yellow",
                            "minute": "24"
                        },
                        {
                            "player": "5. Marcos Rojo",
                            "card": "yellow",
                            "minute": "38"
                        },
                        {
                            "player": "6. Adrian Mariappa",
                            "card": "yellow",
                            "minute": "41"
                        }
                    ],
                    "referee": "Jonathan Moss",
                    "kick_off": "20:00"
                },
                "away_team": "Man Utd",
                "score": "2-4",
                "home_team": "Watford",
                "url": "https://www.premierleague.com/match/22476"
            },
            {
                "details": {
                    "substitutions": [
                        {
                            "minute": "54",
                            "in": "21. Ander Herrera",
                            "out": "31. Nemanja Matic"
                        },
                        {
                            "minute": "58",
                            "in": "37. Roberto Pereyra",
                            "out": "19. Will Hughes"
                        },
                        {
                            "minute": "58",
                            "in": "28. André Carrillo",
                            "out": "5. Sebastian Prödl"
                        },
                        {
                            "minute": "65",
                            "in": "19. Marcus Rashford",
                            "out": "11. Anthony Martial"
                        },
                        {
                            "minute": "72",
                            "in": "9. Troy Deeney",
                            "out": "18. Andre Gray"
                        },
                        {
                            "minute": "88",
                            "in": "10. Zlatan Ibrahimovic",
                            "out": "14. Jesse Lingard"
                        }
                    ],
                    "goals": [
                        {
                            "own_goal": "false",
                            "assist": "Jesse Lingard",
                            "scorer": "18. Ashley Young",
                            "minute": "19"
                        },
                        {
                            "own_goal": "false",
                            "scorer": "18. Ashley Young",
                            "minute": "25"
                        },
                        {
                            "own_goal": "false",
                            "assist": "Romelu Lukaku",
                            "scorer": "11. Anthony Martial",
                            "minute": "32"
                        },
                        {
                            "own_goal": "false",
                            "assist": "André Carrillo",
                            "scorer": "16. Abdoulaye Doucouré",
                            "minute": "84"
                        },
                        {
                            "own_goal": "false",
                            "assist": "Ander Herrera",
                            "scorer": "14. Jesse Lingard",
                            "minute": "86"
                        }
                    ],
                    "cards": [
                        {
                            "player": "16. Abdoulaye Doucouré",
                            "card": "yellow",
                            "minute": "24"
                        },
                        {
                            "player": "5. Marcos Rojo",
                            "card": "yellow",
                            "minute": "38"
                        },
                        {
                            "player": "6. Adrian Mariappa",
                            "card": "yellow",
                            "minute": "41"
                        }
                    ],
                    "referee": "Jonathan Moss",
                    "kick_off": "20:00"
                },
                "away_team": "Man Utd",
                "score": "2-4",
                "home_team": "Watford",
                "url": "https://www.premierleague.com/match/22476"
            },
            {
                "details": {
                    "substitutions": [
                        {
                            "minute": "54",
                            "in": "21. Ander Herrera",
                            "out": "31. Nemanja Matic"
                        },
                        {
                            "minute": "58",
                            "in": "37. Roberto Pereyra",
                            "out": "19. Will Hughes"
                        },
                        {
                            "minute": "58",
                            "in": "28. André Carrillo",
                            "out": "5. Sebastian Prödl"
                        },
                        {
                            "minute": "65",
                            "in": "19. Marcus Rashford",
                            "out": "11. Anthony Martial"
                        },
                        {
                            "minute": "72",
                            "in": "9. Troy Deeney",
                            "out": "18. Andre Gray"
                        },
                        {
                            "minute": "88",
                            "in": "10. Zlatan Ibrahimovic",
                            "out": "14. Jesse Lingard"
                        }
                    ],
                    "goals": [
                        {
                            "own_goal": "false",
                            "assist": "Jesse Lingard",
                            "scorer": "18. Ashley Young",
                            "minute": "19"
                        },
                        {
                            "own_goal": "false",
                            "scorer": "18. Ashley Young",
                            "minute": "25"
                        },
                        {
                            "own_goal": "false",
                            "assist": "Romelu Lukaku",
                            "scorer": "11. Anthony Martial",
                            "minute": "32"
                        },
                        {
                            "own_goal": "false",
                            "assist": "André Carrillo",
                            "scorer": "16. Abdoulaye Doucouré",
                            "minute": "84"
                        },
                        {
                            "own_goal": "false",
                            "assist": "Ander Herrera",
                            "scorer": "14. Jesse Lingard",
                            "minute": "86"
                        }
                    ],
                    "cards": [
                        {
                            "player": "16. Abdoulaye Doucouré",
                            "card": "yellow",
                            "minute": "24"
                        },
                        {
                            "player": "5. Marcos Rojo",
                            "card": "yellow",
                            "minute": "38"
                        },
                        {
                            "player": "6. Adrian Mariappa",
                            "card": "yellow",
                            "minute": "41"
                        }
                    ],
                    "referee": "Jonathan Moss",
                    "kick_off": "20:00"
                },
                "away_team": "Man Utd",
                "score": "2-4",
                "home_team": "Watford",
                "url": "https://www.premierleague.com/match/22476"
            }
        ],
        "date": "Tuesday 28 November 2017"
    }
]