[
    {
        "fixtures": [
            {
                "details": {
                    "substitutions": [
                        {
                            "minute": "45",
                            "in": "8. Ilkay Gündogan",
                            "out": "4. Vincent Kompany"
                        },
                        {
                            "minute": "45",
                            "in": "2. Victor Lindelöf",
                            "out": "5. Marcos Rojo"
                        },
                        {
                            "minute": "59",
                            "in": "15. Eliaquim Mangala",
                            "out": "33. Gabriel Jesus"
                        },
                        {
                            "minute": "76",
                            "in": "10. Zlatan Ibrahimovic",
                            "out": "14. Jesse Lingard"
                        },
                        {
                            "minute": "82",
                            "in": "8. Juan Mata",
                            "out": "21. Ander Herrera"
                        },
                        {
                            "minute": "88",
                            "in": "20. Bernardo Silva",
                            "out": "19. Leroy Sané"
                        }
                    ],
                    "goals": [
                        {
                            "own_goal": "false",
                            "scorer": "21. David Silva",
                            "minute": "43"
                        },
                        {
                            "own_goal": "false",
                            "additional": "2",
                            "scorer": "19. Marcus Rashford",
                            "minute": "45"
                        },
                        {
                            "own_goal": "false",
                            "scorer": "30. Nicolás Otamendi",
                            "minute": "54"
                        }
                    ],
                    "cards": [
                        {
                            "player": "2. Kyle Walker",
                            "card": "yellow",
                            "minute": "4"
                        },
                        {
                            "player": "5. Marcos Rojo",
                            "card": "yellow",
                            "minute": "36"
                        },
                        {
                            "player": "19. Marcus Rashford",
                            "card": "yellow",
                            "minute": "63"
                        },
                        {
                            "player": "21. David Silva",
                            "card": "yellow",
                            "minute": "73"
                        },
                        {
                            "player": "21. Ander Herrera",
                            "card": "yellow",
                            "minute": "79"
                        },
                        {
                            "player": "18. Ashley Young",
                            "card": "yellow",
                            "minute": "90"
                        }
                    ],
                    "referee": "Michael Oliver",
                    "kick_off": "16:30"
                },
                "away_team": "Man City",
                "score": "1-2",
                "home_team": "Man Utd",
                "url": "https://www.premierleague.com/match/22496"
            },
            {
                "details": {
                    "substitutions": [
                        {
                            "minute": "45",
                            "in": "8. Ilkay Gündogan",
                            "out": "4. Vincent Kompany"
                        },
                        {
                            "minute": "45",
                            "in": "2. Victor Lindelöf",
                            "out": "5. Marcos Rojo"
                        },
                        {
                            "minute": "59",
                            "in": "15. Eliaquim Mangala",
                            "out": "33. Gabriel Jesus"
                        },
                        {
                            "minute": "76",
                            "in": "10. Zlatan Ibrahimovic",
                            "out": "14. Jesse Lingard"
                        },
                        {
                            "minute": "82",
                            "in": "8. Juan Mata",
                            "out": "21. Ander Herrera"
                        },
                        {
                            "minute": "88",
                            "in": "20. Bernardo Silva",
                            "out": "19. Leroy Sané"
                        }
                    ],
                    "goals": [
                        {
                            "own_goal": "false",
                            "scorer": "21. David Silva",
                            "minute": "43"
                        },
                        {
                            "own_goal": "false",
                            "additional": "2",
                            "scorer": "19. Marcus Rashford",
                            "minute": "45"
                        },
                        {
                            "own_goal": "false",
                            "scorer": "30. Nicolás Otamendi",
                            "minute": "54"
                        }
                    ],
                    "cards": [
                        {
                            "player": "2. Kyle Walker",
                            "card": "yellow",
                            "minute": "4"
                        },
                        {
                            "player": "5. Marcos Rojo",
                            "card": "yellow",
                            "minute": "36"
                        },
                        {
                            "player": "19. Marcus Rashford",
                            "card": "yellow",
                            "minute": "63"
                        },
                        {
                            "player": "21. David Silva",
                            "card": "yellow",
                            "minute": "73"
                        },
                        {
                            "player": "21. Ander Herrera",
                            "card": "yellow",
                            "minute": "79"
                        },
                        {
                            "player": "18. Ashley Young",
                            "card": "yellow",
                            "minute": "90"
                        }
                    ],
                    "referee": "Michael Oliver",
                    "kick_off": "16:30"
                },
                "away_team": "Man City",
                "score": "1-2",
                "home_team": "Man Utd",
                "url": "https://www.premierleague.com/match/22496"
            },
            {
                "details": {
                    "substitutions": [
                        {
                            "minute": "45",
                            "in": "8. Ilkay Gündogan",
                            "out": "4. Vincent Kompany"
                        },
                        {
                            "minute": "45",
                            "in": "2. Victor Lindelöf",
                            "out": "5. Marcos Rojo"
                        },
                        {
                            "minute": "59",
                            "in": "15. Eliaquim Mangala",
                            "out": "33. Gabriel Jesus"
                        },
                        {
                            "minute": "76",
                            "in": "10. Zlatan Ibrahimovic",
                            "out": "14. Jesse Lingard"
                        },
                        {
                            "minute": "82",
                            "in": "8. Juan Mata",
                            "out": "21. Ander Herrera"
                        },
                        {
                            "minute": "88",
                            "in": "20. Bernardo Silva",
                            "out": "19. Leroy Sané"
                        }
                    ],
                    "goals": [
                        {
                            "own_goal": "false",
                            "scorer": "21. David Silva",
                            "minute": "43"
                        },
                        {
                            "own_goal": "false",
                            "additional": "2",
                            "scorer": "19. Marcus Rashford",
                            "minute": "45"
                        },
                        {
                            "own_goal": "false",
                            "scorer": "30. Nicolás Otamendi",
                            "minute": "54"
                        }
                    ],
                    "cards": [
                        {
                            "player": "2. Kyle Walker",
                            "card": "yellow",
                            "minute": "4"
                        },
                        {
                            "player": "5. Marcos Rojo",
                            "card": "yellow",
                            "minute": "36"
                        },
                        {
                            "player": "19. Marcus Rashford",
                            "card": "yellow",
                            "minute": "63"
                        },
                        {
                            "player": "21. David Silva",
                            "card": "yellow",
                            "minute": "73"
                        },
                        {
                            "player": "21. Ander Herrera",
                            "card": "yellow",
                            "minute": "79"
                        },
                        {
                            "player": "18. Ashley Young",
                            "card": "yellow",
                            "minute": "90"
                        }
                    ],
                    "referee": "Michael Oliver",
                    "kick_off": "16:30"
                },
                "away_team": "Man City",
                "score": "1-2",
                "home_team": "Man Utd",
                "url": "https://www.premierleague.com/match/22496"
            }
        ],
        "date": "Sunday 10 December 2017"
    }
]