[
    {
        "fixtures": [
            {
                "details": {
                    "substitutions": [
                        {
                            "minute": "67",
                            "in": "3. Patrick van Aanholt",
                            "out": "10. Andros Townsend"
                        },
                        {
                            "minute": "70",
                            "in": "26. Bakary Sako",
                            "out": "24. Timothy Fosu-Mensah"
                        },
                        {
                            "minute": "71",
                            "in": "37. Roberto Pereyra",
                            "out": "28. André Carrillo"
                        },
                        {
                            "minute": "77",
                            "in": "18. James McArthur",
                            "out": "7. Yohan Cabaye"
                        },
                        {
                            "minute": "80",
                            "in": "18. Andre Gray",
                            "out": "9. Troy Deeney"
                        },
                        {
                            "minute": "84",
                            "in": "21. Kiko Femenía",
                            "out": "11. Richarlison"
                        },
                        {
                            "minute": "90",
                            "additional": "6",
                            "out": "21. Kiko Femenía"
                        }
                    ],
                    "goals": [
                        {
                            "own_goal": "false",
                            "assist": "Richarlison",
                            "scorer": "2. Daryl Janmaat",
                            "minute": "3"
                        },
                        {
                            "own_goal": "false",
                            "scorer": "26. Bakary Sako",
                            "minute": "89"
                        },
                        {
                            "own_goal": "false",
                            "additional": "2",
                            "scorer": "18. James McArthur",
                            "minute": "90"
                        }
                    ],
                    "cards": [
                        {
                            "player": "4. Luka Milivojevic",
                            "card": "yellow",
                            "minute": "63"
                        },
                        {
                            "player": "8. Tom Cleverley",
                            "card": "yellow",
                            "minute": "78"
                        },
                        {
                            "player": "3. Patrick van Aanholt",
                            "card": "yellow",
                            "minute": "85"
                        },
                        {
                            "player": "8. Tom Cleverley",
                            "card": "red",
                            "minute": "87"
                        },
                        {
                            "player": "37. Roberto Pereyra",
                            "additional": "1",
                            "card": "yellow",
                            "minute": "90"
                        }
                    ],
                    "referee": "Lee Mason",
                    "kick_off": "20:00"
                },
                "away_team": "Watford",
                "score": "2-1",
                "home_team": "Crystal Palace",
                "url": "https://www.premierleague.com/match/22503"
            },
            {
                "details": {
                    "substitutions": [
                        {
                            "minute": "67",
                            "in": "3. Patrick van Aanholt",
                            "out": "10. Andros Townsend"
                        },
                        {
                            "minute": "70",
                            "in": "26. Bakary Sako",
                            "out": "24. Timothy Fosu-Mensah"
                        },
                        {
                            "minute": "71",
                            "in": "37. Roberto Pereyra",
                            "out": "28. André Carrillo"
                        },
                        {
                            "minute": "77",
                            "in": "18. James McArthur",
                            "out": "7. Yohan Cabaye"
                        },
                        {
                            "minute": "80",
                            "in": "18. Andre Gray",
                            "out": "9. Troy Deeney"
                        },
                        {
                            "minute": "84",
                            "in": "21. Kiko Femenía",
                            "out": "11. Richarlison"
                        },
                        {
                            "minute": "90",
                            "additional": "6",
                            "out": "21. Kiko Femenía"
                        }
                    ],
                    "goals": [
                        {
                            "own_goal": "false",
                            "assist": "Richarlison",
                            "scorer": "2. Daryl Janmaat",
                            "minute": "3"
                        },
                        {
                            "own_goal": "false",
                            "scorer": "26. Bakary Sako",
                            "minute": "89"
                        },
                        {
                            "own_goal": "false",
                            "additional": "2",
                            "scorer": "18. James McArthur",
                            "minute": "90"
                        }
                    ],
                    "cards": [
                        {
                            "player": "4. Luka Milivojevic",
                            "card": "yellow",
                            "minute": "63"
                        },
                        {
                            "player": "8. Tom Cleverley",
                            "card": "yellow",
                            "minute": "78"
                        },
                        {
                            "player": "3. Patrick van Aanholt",
                            "card": "yellow",
                            "minute": "85"
                        },
                        {
                            "player": "8. Tom Cleverley",
                            "card": "red",
                            "minute": "87"
                        },
                        {
                            "player": "37. Roberto Pereyra",
                            "additional": "1",
                            "card": "yellow",
                            "minute": "90"
                        }
                    ],
                    "referee": "Lee Mason",
                    "kick_off": "20:00"
                },
                "away_team": "Watford",
                "score": "2-1",
                "home_team": "Crystal Palace",
                "url": "https://www.premierleague.com/match/22503"
            },
            {
                "details": {
                    "substitutions": [
                        {
                            "minute": "67",
                            "in": "3. Patrick van Aanholt",
                            "out": "10. Andros Townsend"
                        },
                        {
                            "minute": "70",
                            "in": "26. Bakary Sako",
                            "out": "24. Timothy Fosu-Mensah"
                        },
                        {
                            "minute": "71",
                            "in": "37. Roberto Pereyra",
                            "out": "28. André Carrillo"
                        },
                        {
                            "minute": "77",
                            "in": "18. James McArthur",
                            "out": "7. Yohan Cabaye"
                        },
                        {
                            "minute": "80",
                            "in": "18. Andre Gray",
                            "out": "9. Troy Deeney"
                        },
                        {
                            "minute": "84",
                            "in": "21. Kiko Femenía",
                            "out": "11. Richarlison"
                        },
                        {
                            "minute": "90",
                            "additional": "6",
                            "out": "21. Kiko Femenía"
                        }
                    ],
                    "goals": [
                        {
                            "own_goal": "false",
                            "assist": "Richarlison",
                            "scorer": "2. Daryl Janmaat",
                            "minute": "3"
                        },
                        {
                            "own_goal": "false",
                            "scorer": "26. Bakary Sako",
                            "minute": "89"
                        },
                        {
                            "own_goal": "false",
                            "additional": "2",
                            "scorer": "18. James McArthur",
                            "minute": "90"
                        }
                    ],
                    "cards": [
                        {
                            "player": "4. Luka Milivojevic",
                            "card": "yellow",
                            "minute": "63"
                        },
                        {
                            "player": "8. Tom Cleverley",
                            "card": "yellow",
                            "minute": "78"
                        },
                        {
                            "player": "3. Patrick van Aanholt",
                            "card": "yellow",
                            "minute": "85"
                        },
                        {
                            "player": "8. Tom Cleverley",
                            "card": "red",
                            "minute": "87"
                        },
                        {
                            "player": "37. Roberto Pereyra",
                            "additional": "1",
                            "card": "yellow",
                            "minute": "90"
                        }
                    ],
                    "referee": "Lee Mason",
                    "kick_off": "20:00"
                },
                "away_team": "Watford",
                "score": "2-1",
                "home_team": "Crystal Palace",
                "url": "https://www.premierleague.com/match/22503"
            }
        ],
        "date": "Tuesday 12 December 2017"
    }
]