[
    {
        "fixtures": [
            {
                "details": {
                    "substitutions": [
                        {
                            "minute": "62",
                            "in": "10. Tammy Abraham",
                            "out": "62. Oliver McBurnie"
                        },
                        {
                            "minute": "65",
                            "in": "17. Sam Clucas",
                            "out": "51. Roque Mesa"
                        },
                        {
                            "minute": "68",
                            "in": "29. Dominic Solanke",
                            "out": "9. Roberto Firmino"
                        },
                        {
                            "minute": "69",
                            "in": "20. Adam Lallana",
                            "out": "11. Mohamed Salah"
                        },
                        {
                            "minute": "75",
                            "in": "7. James Milner",
                            "out": "26. Andrew Robertson"
                        },
                        {
                            "minute": "78",
                            "in": "35. Renato Sanches",
                            "out": "8. Leroy Fer"
                        }
                    ],
                    "goals": [
                        {
                            "own_goal": "false",
                            "assist": "Mohamed Salah",
                            "scorer": "10. Philippe Coutinho",
                            "minute": "6"
                        },
                        {
                            "own_goal": "false",
                            "assist": "Philippe Coutinho",
                            "scorer": "9. Roberto Firmino",
                            "minute": "52"
                        },
                        {
                            "own_goal": "false",
                            "scorer": "66. Trent Alexander-Arnold",
                            "minute": "65"
                        },
                        {
                            "own_goal": "false",
                            "assist": "Mohamed Salah",
                            "scorer": "9. Roberto Firmino",
                            "minute": "66"
                        },
                        {
                            "own_goal": "false",
                            "scorer": "21. Alex Oxlade-Chamberlain",
                            "minute": "82"
                        }
                    ],
                    "cards": [
                        {
                            "player": "16. Martin Olsson",
                            "card": "yellow",
                            "minute": "56"
                        }
                    ],
                    "referee": "Kevin Friend",
                    "kick_off": "17:30"
                },
                "away_team": "Swansea",
                "score": "5-0",
                "home_team": "Liverpool",
                "url": "https://www.premierleague.com/match/22536"
            },
            {
                "details": {
                    "substitutions": [
                        {
                            "minute": "62",
                            "in": "10. Tammy Abraham",
                            "out": "62. Oliver McBurnie"
                        },
                        {
                            "minute": "65",
                            "in": "17. Sam Clucas",
                            "out": "51. Roque Mesa"
                        },
                        {
                            "minute": "68",
                            "in": "29. Dominic Solanke",
                            "out": "9. Roberto Firmino"
                        },
                        {
                            "minute": "69",
                            "in": "20. Adam Lallana",
                            "out": "11. Mohamed Salah"
                        },
                        {
                            "minute": "75",
                            "in": "7. James Milner",
                            "out": "26. Andrew Robertson"
                        },
                        {
                            "minute": "78",
                            "in": "35. Renato Sanches",
                            "out": "8. Leroy Fer"
                        }
                    ],
                    "goals": [
                        {
                            "own_goal": "false",
                            "assist": "Mohamed Salah",
                            "scorer": "10. Philippe Coutinho",
                            "minute": "6"
                        },
                        {
                            "own_goal": "false",
                            "assist": "Philippe Coutinho",
                            "scorer": "9. Roberto Firmino",
                            "minute": "52"
                        },
                        {
                            "own_goal": "false",
                            "scorer": "66. Trent Alexander-Arnold",
                            "minute": "65"
                        },
                        {
                            "own_goal": "false",
                            "assist": "Mohamed Salah",
                            "scorer": "9. Roberto Firmino",
                            "minute": "66"
                        },
                        {
                            "own_goal": "false",
                            "scorer": "21. Alex Oxlade-Chamberlain",
                            "minute": "82"
                        }
                    ],
                    "cards": [
                        {
                            "player": "16. Martin Olsson",
                            "card": "yellow",
                            "minute": "56"
                        }
                    ],
                    "referee": "Kevin Friend",
                    "kick_off": "17:30"
                },
                "away_team": "Swansea",
                "score": "5-0",
                "home_team": "Liverpool",
                "url": "https://www.premierleague.com/match/22536"
            },
            {
                "details": {
                    "substitutions": [
                        {
                            "minute": "62",
                            "in": "10. Tammy Abraham",
                            "out": "62. Oliver McBurnie"
                        },
                        {
                            "minute": "65",
                            "in": "17. Sam Clucas",
                            "out": "51. Roque Mesa"
                        },
                        {
                            "minute": "68",
                            "in": "29. Dominic Solanke",
                            "out": "9. Roberto Firmino"
                        },
                        {
                            "minute": "69",
                            "in": "20. Adam Lallana",
                            "out": "11. Mohamed Salah"
                        },
                        {
                            "minute": "75",
                            "in": "7. James Milner",
                            "out": "26. Andrew Robertson"
                        },
                        {
                            "minute": "78",
                            "in": "35. Renato Sanches",
                            "out": "8. Leroy Fer"
                        }
                    ],
                    "goals": [
                        {
                            "own_goal": "false",
                            "assist": "Mohamed Salah",
                            "scorer": "10. Philippe Coutinho",
                            "minute": "6"
                        },
                        {
                            "own_goal": "false",
                            "assist": "Philippe Coutinho",
                            "scorer": "9. Roberto Firmino",
                            "minute": "52"
                        },
                        {
                            "own_goal": "false",
                            "scorer": "66. Trent Alexander-Arnold",
                            "minute": "65"
                        },
                        {
                            "own_goal": "false",
                            "assist": "Mohamed Salah",
                            "scorer": "9. Roberto Firmino",
                            "minute": "66"
                        },
                        {
                            "own_goal": "false",
                            "scorer": "21. Alex Oxlade-Chamberlain",
                            "minute": "82"
                        }
                    ],
                    "cards": [
                        {
                            "player": "16. Martin Olsson",
                            "card": "yellow",
                            "minute": "56"
                        }
                    ],
                    "referee": "Kevin Friend",
                    "kick_off": "17:30"
                },
                "away_team": "Swansea",
                "score": "5-0",
                "home_team": "Liverpool",
                "url": "https://www.premierleague.com/match/22536"
            },
            {
                "details": {
                    "substitutions": [
                        {
                            "minute": "62",
                            "in": "10. Tammy Abraham",
                            "out": "62. Oliver McBurnie"
                        },
                        {
                            "minute": "65",
                            "in": "17. Sam Clucas",
                            "out": "51. Roque Mesa"
                        },
                        {
                            "minute": "68",
                            "in": "29. Dominic Solanke",
                            "out": "9. Roberto Firmino"
                        },
                        {
                            "minute": "69",
                            "in": "20. Adam Lallana",
                            "out": "11. Mohamed Salah"
                        },
                        {
                            "minute": "75",
                            "in": "7. James Milner",
                            "out": "26. Andrew Robertson"
                        },
                        {
                            "minute": "78",
                            "in": "35. Renato Sanches",
                            "out": "8. Leroy Fer"
                        }
                    ],
                    "goals": [
                        {
                            "own_goal": "false",
                            "assist": "Mohamed Salah",
                            "scorer": "10. Philippe Coutinho",
                            "minute": "6"
                        },
                        {
                            "own_goal": "false",
                            "assist": "Philippe Coutinho",
                            "scorer": "9. Roberto Firmino",
                            "minute": "52"
                        },
                        {
                            "own_goal": "false",
                            "scorer": "66. Trent Alexander-Arnold",
                            "minute": "65"
                        },
                        {
                            "own_goal": "false",
                            "assist": "Mohamed Salah",
                            "scorer": "9. Roberto Firmino",
                            "minute": "66"
                        },
                        {
                            "own_goal": "false",
                            "scorer": "21. Alex Oxlade-Chamberlain",
                            "minute": "82"
                        }
                    ],
                    "cards": [
                        {
                            "player": "16. Martin Olsson",
                            "card": "yellow",
                            "minute": "56"
                        }
                    ],
                    "referee": "Kevin Friend",
                    "kick_off": "17:30"
                },
                "away_team": "Swansea",
                "score": "5-0",
                "home_team": "Liverpool",
                "url": "https://www.premierleague.com/match/22536"
            },
            {
                "details": {
                    "substitutions": [
                        {
                            "minute": "62",
                            "in": "10. Tammy Abraham",
                            "out": "62. Oliver McBurnie"
                        },
                        {
                            "minute": "65",
                            "in": "17. Sam Clucas",
                            "out": "51. Roque Mesa"
                        },
                        {
                            "minute": "68",
                            "in": "29. Dominic Solanke",
                            "out": "9. Roberto Firmino"
                        },
                        {
                            "minute": "69",
                            "in": "20. Adam Lallana",
                            "out": "11. Mohamed Salah"
                        },
                        {
                            "minute": "75",
                            "in": "7. James Milner",
                            "out": "26. Andrew Robertson"
                        },
                        {
                            "minute": "78",
                            "in": "35. Renato Sanches",
                            "out": "8. Leroy Fer"
                        }
                    ],
                    "goals": [
                        {
                            "own_goal": "false",
                            "assist": "Mohamed Salah",
                            "scorer": "10. Philippe Coutinho",
                            "minute": "6"
                        },
                        {
                            "own_goal": "false",
                            "assist": "Philippe Coutinho",
                            "scorer": "9. Roberto Firmino",
                            "minute": "52"
                        },
                        {
                            "own_goal": "false",
                            "scorer": "66. Trent Alexander-Arnold",
                            "minute": "65"
                        },
                        {
                            "own_goal": "false",
                            "assist": "Mohamed Salah",
                            "scorer": "9. Roberto Firmino",
                            "minute": "66"
                        },
                        {
                            "own_goal": "false",
                            "scorer": "21. Alex Oxlade-Chamberlain",
                            "minute": "82"
                        }
                    ],
                    "cards": [
                        {
                            "player": "16. Martin Olsson",
                            "card": "yellow",
                            "minute": "56"
                        }
                    ],
                    "referee": "Kevin Friend",
                    "kick_off": "17:30"
                },
                "away_team": "Swansea",
                "score": "5-0",
                "home_team": "Liverpool",
                "url": "https://www.premierleague.com/match/22536"
            },
            {
                "details": {
                    "substitutions": [
                        {
                            "minute": "62",
                            "in": "10. Tammy Abraham",
                            "out": "62. Oliver McBurnie"
                        },
                        {
                            "minute": "65",
                            "in": "17. Sam Clucas",
                            "out": "51. Roque Mesa"
                        },
                        {
                            "minute": "68",
                            "in": "29. Dominic Solanke",
                            "out": "9. Roberto Firmino"
                        },
                        {
                            "minute": "69",
                            "in": "20. Adam Lallana",
                            "out": "11. Mohamed Salah"
                        },
                        {
                            "minute": "75",
                            "in": "7. James Milner",
                            "out": "26. Andrew Robertson"
                        },
                        {
                            "minute": "78",
                            "in": "35. Renato Sanches",
                            "out": "8. Leroy Fer"
                        }
                    ],
                    "goals": [
                        {
                            "own_goal": "false",
                            "assist": "Mohamed Salah",
                            "scorer": "10. Philippe Coutinho",
                            "minute": "6"
                        },
                        {
                            "own_goal": "false",
                            "assist": "Philippe Coutinho",
                            "scorer": "9. Roberto Firmino",
                            "minute": "52"
                        },
                        {
                            "own_goal": "false",
                            "scorer": "66. Trent Alexander-Arnold",
                            "minute": "65"
                        },
                        {
                            "own_goal": "false",
                            "assist": "Mohamed Salah",
                            "scorer": "9. Roberto Firmino",
                            "minute": "66"
                        },
                        {
                            "own_goal": "false",
                            "scorer": "21. Alex Oxlade-Chamberlain",
                            "minute": "82"
                        }
                    ],
                    "cards": [
                        {
                            "player": "16. Martin Olsson",
                            "card": "yellow",
                            "minute": "56"
                        }
                    ],
                    "referee": "Kevin Friend",
                    "kick_off": "17:30"
                },
                "away_team": "Swansea",
                "score": "5-0",
                "home_team": "Liverpool",
                "url": "https://www.premierleague.com/match/22536"
            },
            {
                "details": {
                    "substitutions": [
                        {
                            "minute": "62",
                            "in": "10. Tammy Abraham",
                            "out": "62. Oliver McBurnie"
                        },
                        {
                            "minute": "65",
                            "in": "17. Sam Clucas",
                            "out": "51. Roque Mesa"
                        },
                        {
                            "minute": "68",
                            "in": "29. Dominic Solanke",
                            "out": "9. Roberto Firmino"
                        },
                        {
                            "minute": "69",
                            "in": "20. Adam Lallana",
                            "out": "11. Mohamed Salah"
                        },
                        {
                            "minute": "75",
                            "in": "7. James Milner",
                            "out": "26. Andrew Robertson"
                        },
                        {
                            "minute": "78",
                            "in": "35. Renato Sanches",
                            "out": "8. Leroy Fer"
                        }
                    ],
                    "goals": [
                        {
                            "own_goal": "false",
                            "assist": "Mohamed Salah",
                            "scorer": "10. Philippe Coutinho",
                            "minute": "6"
                        },
                        {
                            "own_goal": "false",
                            "assist": "Philippe Coutinho",
                            "scorer": "9. Roberto Firmino",
                            "minute": "52"
                        },
                        {
                            "own_goal": "false",
                            "scorer": "66. Trent Alexander-Arnold",
                            "minute": "65"
                        },
                        {
                            "own_goal": "false",
                            "assist": "Mohamed Salah",
                            "scorer": "9. Roberto Firmino",
                            "minute": "66"
                        },
                        {
                            "own_goal": "false",
                            "scorer": "21. Alex Oxlade-Chamberlain",
                            "minute": "82"
                        }
                    ],
                    "cards": [
                        {
                            "player": "16. Martin Olsson",
                            "card": "yellow",
                            "minute": "56"
                        }
                    ],
                    "referee": "Kevin Friend",
                    "kick_off": "17:30"
                },
                "away_team": "Swansea",
                "score": "5-0",
                "home_team": "Liverpool",
                "url": "https://www.premierleague.com/match/22536"
            },
            {
                "details": {
                    "substitutions": [
                        {
                            "minute": "62",
                            "in": "10. Tammy Abraham",
                            "out": "62. Oliver McBurnie"
                        },
                        {
                            "minute": "65",
                            "in": "17. Sam Clucas",
                            "out": "51. Roque Mesa"
                        },
                        {
                            "minute": "68",
                            "in": "29. Dominic Solanke",
                            "out": "9. Roberto Firmino"
                        },
                        {
                            "minute": "69",
                            "in": "20. Adam Lallana",
                            "out": "11. Mohamed Salah"
                        },
                        {
                            "minute": "75",
                            "in": "7. James Milner",
                            "out": "26. Andrew Robertson"
                        },
                        {
                            "minute": "78",
                            "in": "35. Renato Sanches",
                            "out": "8. Leroy Fer"
                        }
                    ],
                    "goals": [
                        {
                            "own_goal": "false",
                            "assist": "Mohamed Salah",
                            "scorer": "10. Philippe Coutinho",
                            "minute": "6"
                        },
                        {
                            "own_goal": "false",
                            "assist": "Philippe Coutinho",
                            "scorer": "9. Roberto Firmino",
                            "minute": "52"
                        },
                        {
                            "own_goal": "false",
                            "scorer": "66. Trent Alexander-Arnold",
                            "minute": "65"
                        },
                        {
                            "own_goal": "false",
                            "assist": "Mohamed Salah",
                            "scorer": "9. Roberto Firmino",
                            "minute": "66"
                        },
                        {
                            "own_goal": "false",
                            "scorer": "21. Alex Oxlade-Chamberlain",
                            "minute": "82"
                        }
                    ],
                    "cards": [
                        {
                            "player": "16. Martin Olsson",
                            "card": "yellow",
                            "minute": "56"
                        }
                    ],
                    "referee": "Kevin Friend",
                    "kick_off": "17:30"
                },
                "away_team": "Swansea",
                "score": "5-0",
                "home_team": "Liverpool",
                "url": "https://www.premierleague.com/match/22536"
            }
        ],
        "date": "Tuesday 26 December 2017"
    }
]