[
    {
        "fixtures": [
            {
                "details": {
                    "substitutions": [
                        {
                            "minute": "71",
                            "in": "19. Jay Rodriguez",
                            "out": "4. Hal Robson-Kanu"
                        },
                        {
                            "minute": "76",
                            "in": "21. Alex Oxlade-Chamberlain",
                            "out": "5. Georginio Wijnaldum"
                        },
                        {
                            "minute": "76",
                            "in": "29. Dominic Solanke",
                            "out": "19. Sadio Mané"
                        },
                        {
                            "minute": "79",
                            "in": "11. Chris Brunt",
                            "out": "20. Grzegorz Krychowiak"
                        },
                        {
                            "minute": "80",
                            "in": "12. Joseph Gomez",
                            "out": "66. Trent Alexander-Arnold"
                        }
                    ],
                    "goals": [],
                    "cards": [
                        {
                            "player": "23. Emre Can",
                            "card": "yellow",
                            "minute": "68"
                        },
                        {
                            "player": "28. Sam Field",
                            "additional": "2",
                            "card": "yellow",
                            "minute": "90"
                        }
                    ],
                    "referee": "Paul Tierney",
                    "kick_off": "20:00"
                },
                "away_team": "West Brom",
                "score": "0-0",
                "home_team": "Liverpool",
                "url": "https://www.premierleague.com/match/22508"
            },
            {
                "details": {
                    "substitutions": [
                        {
                            "minute": "71",
                            "in": "19. Jay Rodriguez",
                            "out": "4. Hal Robson-Kanu"
                        },
                        {
                            "minute": "76",
                            "in": "21. Alex Oxlade-Chamberlain",
                            "out": "5. Georginio Wijnaldum"
                        },
                        {
                            "minute": "76",
                            "in": "29. Dominic Solanke",
                            "out": "19. Sadio Mané"
                        },
                        {
                            "minute": "79",
                            "in": "11. Chris Brunt",
                            "out": "20. Grzegorz Krychowiak"
                        },
                        {
                            "minute": "80",
                            "in": "12. Joseph Gomez",
                            "out": "66. Trent Alexander-Arnold"
                        }
                    ],
                    "goals": [],
                    "cards": [
                        {
                            "player": "23. Emre Can",
                            "card": "yellow",
                            "minute": "68"
                        },
                        {
                            "player": "28. Sam Field",
                            "additional": "2",
                            "card": "yellow",
                            "minute": "90"
                        }
                    ],
                    "referee": "Paul Tierney",
                    "kick_off": "20:00"
                },
                "away_team": "West Brom",
                "score": "0-0",
                "home_team": "Liverpool",
                "url": "https://www.premierleague.com/match/22508"
            },
            {
                "details": {
                    "substitutions": [
                        {
                            "minute": "71",
                            "in": "19. Jay Rodriguez",
                            "out": "4. Hal Robson-Kanu"
                        },
                        {
                            "minute": "76",
                            "in": "21. Alex Oxlade-Chamberlain",
                            "out": "5. Georginio Wijnaldum"
                        },
                        {
                            "minute": "76",
                            "in": "29. Dominic Solanke",
                            "out": "19. Sadio Mané"
                        },
                        {
                            "minute": "79",
                            "in": "11. Chris Brunt",
                            "out": "20. Grzegorz Krychowiak"
                        },
                        {
                            "minute": "80",
                            "in": "12. Joseph Gomez",
                            "out": "66. Trent Alexander-Arnold"
                        }
                    ],
                    "goals": [],
                    "cards": [
                        {
                            "player": "23. Emre Can",
                            "card": "yellow",
                            "minute": "68"
                        },
                        {
                            "player": "28. Sam Field",
                            "additional": "2",
                            "card": "yellow",
                            "minute": "90"
                        }
                    ],
                    "referee": "Paul Tierney",
                    "kick_off": "20:00"
                },
                "away_team": "West Brom",
                "score": "0-0",
                "home_team": "Liverpool",
                "url": "https://www.premierleague.com/match/22508"
            },
            {
                "details": {
                    "substitutions": [
                        {
                            "minute": "71",
                            "in": "19. Jay Rodriguez",
                            "out": "4. Hal Robson-Kanu"
                        },
                        {
                            "minute": "76",
                            "in": "21. Alex Oxlade-Chamberlain",
                            "out": "5. Georginio Wijnaldum"
                        },
                        {
                            "minute": "76",
                            "in": "29. Dominic Solanke",
                            "out": "19. Sadio Mané"
                        },
                        {
                            "minute": "79",
                            "in": "11. Chris Brunt",
                            "out": "20. Grzegorz Krychowiak"
                        },
                        {
                            "minute": "80",
                            "in": "12. Joseph Gomez",
                            "out": "66. Trent Alexander-Arnold"
                        }
                    ],
                    "goals": [],
                    "cards": [
                        {
                            "player": "23. Emre Can",
                            "card": "yellow",
                            "minute": "68"
                        },
                        {
                            "player": "28. Sam Field",
                            "additional": "2",
                            "card": "yellow",
                            "minute": "90"
                        }
                    ],
                    "referee": "Paul Tierney",
                    "kick_off": "20:00"
                },
                "away_team": "West Brom",
                "score": "0-0",
                "home_team": "Liverpool",
                "url": "https://www.premierleague.com/match/22508"
            },
            {
                "details": {
                    "substitutions": [
                        {
                            "minute": "71",
                            "in": "19. Jay Rodriguez",
                            "out": "4. Hal Robson-Kanu"
                        },
                        {
                            "minute": "76",
                            "in": "21. Alex Oxlade-Chamberlain",
                            "out": "5. Georginio Wijnaldum"
                        },
                        {
                            "minute": "76",
                            "in": "29. Dominic Solanke",
                            "out": "19. Sadio Mané"
                        },
                        {
                            "minute": "79",
                            "in": "11. Chris Brunt",
                            "out": "20. Grzegorz Krychowiak"
                        },
                        {
                            "minute": "80",
                            "in": "12. Joseph Gomez",
                            "out": "66. Trent Alexander-Arnold"
                        }
                    ],
                    "goals": [],
                    "cards": [
                        {
                            "player": "23. Emre Can",
                            "card": "yellow",
                            "minute": "68"
                        },
                        {
                            "player": "28. Sam Field",
                            "additional": "2",
                            "card": "yellow",
                            "minute": "90"
                        }
                    ],
                    "referee": "Paul Tierney",
                    "kick_off": "20:00"
                },
                "away_team": "West Brom",
                "score": "0-0",
                "home_team": "Liverpool",
                "url": "https://www.premierleague.com/match/22508"
            },
            {
                "details": {
                    "substitutions": [
                        {
                            "minute": "71",
                            "in": "19. Jay Rodriguez",
                            "out": "4. Hal Robson-Kanu"
                        },
                        {
                            "minute": "76",
                            "in": "21. Alex Oxlade-Chamberlain",
                            "out": "5. Georginio Wijnaldum"
                        },
                        {
                            "minute": "76",
                            "in": "29. Dominic Solanke",
                            "out": "19. Sadio Mané"
                        },
                        {
                            "minute": "79",
                            "in": "11. Chris Brunt",
                            "out": "20. Grzegorz Krychowiak"
                        },
                        {
                            "minute": "80",
                            "in": "12. Joseph Gomez",
                            "out": "66. Trent Alexander-Arnold"
                        }
                    ],
                    "goals": [],
                    "cards": [
                        {
                            "player": "23. Emre Can",
                            "card": "yellow",
                            "minute": "68"
                        },
                        {
                            "player": "28. Sam Field",
                            "additional": "2",
                            "card": "yellow",
                            "minute": "90"
                        }
                    ],
                    "referee": "Paul Tierney",
                    "kick_off": "20:00"
                },
                "away_team": "West Brom",
                "score": "0-0",
                "home_team": "Liverpool",
                "url": "https://www.premierleague.com/match/22508"
            },
            {
                "details": {
                    "substitutions": [
                        {
                            "minute": "71",
                            "in": "19. Jay Rodriguez",
                            "out": "4. Hal Robson-Kanu"
                        },
                        {
                            "minute": "76",
                            "in": "21. Alex Oxlade-Chamberlain",
                            "out": "5. Georginio Wijnaldum"
                        },
                        {
                            "minute": "76",
                            "in": "29. Dominic Solanke",
                            "out": "19. Sadio Mané"
                        },
                        {
                            "minute": "79",
                            "in": "11. Chris Brunt",
                            "out": "20. Grzegorz Krychowiak"
                        },
                        {
                            "minute": "80",
                            "in": "12. Joseph Gomez",
                            "out": "66. Trent Alexander-Arnold"
                        }
                    ],
                    "goals": [],
                    "cards": [
                        {
                            "player": "23. Emre Can",
                            "card": "yellow",
                            "minute": "68"
                        },
                        {
                            "player": "28. Sam Field",
                            "additional": "2",
                            "card": "yellow",
                            "minute": "90"
                        }
                    ],
                    "referee": "Paul Tierney",
                    "kick_off": "20:00"
                },
                "away_team": "West Brom",
                "score": "0-0",
                "home_team": "Liverpool",
                "url": "https://www.premierleague.com/match/22508"
            }
        ],
        "date": "Wednesday 13 December 2017"
    }
]