[
    {
        "fixtures": [
            {
                "details": {
                    "substitutions": [
                        {
                            "minute": "66",
                            "in": "18. Jordan Ayew",
                            "out": "11. Luciano Narsingh"
                        },
                        {
                            "minute": "76",
                            "in": "26. Bakary Sako",
                            "out": "7. Yohan Cabaye"
                        },
                        {
                            "minute": "80",
                            "in": "22. Angel Rangel",
                            "out": "26. Kyle Naughton"
                        },
                        {
                            "minute": "85",
                            "in": "3. Patrick van Aanholt",
                            "out": "10. Andros Townsend"
                        },
                        {
                            "minute": "89",
                            "in": "56. Jay Fulton",
                            "out": "51. Roque Mesa"
                        }
                    ],
                    "goals": [
                        {
                            "own_goal": "false",
                            "assist": "Tom Carroll",
                            "scorer": "18. Jordan Ayew",
                            "minute": "77"
                        }
                    ],
                    "cards": [
                        {
                            "player": "33. Federico Fernández",
                            "card": "yellow",
                            "minute": "32"
                        },
                        {
                            "player": "11. Wilfried Zaha",
                            "card": "yellow",
                            "minute": "34"
                        },
                        {
                            "player": "18. James McArthur",
                            "card": "yellow",
                            "minute": "51"
                        },
                        {
                            "player": "4. Luka Milivojevic",
                            "card": "yellow",
                            "minute": "62"
                        },
                        {
                            "player": "51. Roque Mesa",
                            "card": "yellow",
                            "minute": "85"
                        }
                    ],
                    "referee": "Craig Pawson",
                    "kick_off": "15:00"
                },
                "away_team": "Crystal Palace",
                "score": "1-1",
                "home_team": "Swansea",
                "url": "https://www.premierleague.com/match/22530"
            },
            {
                "details": {
                    "substitutions": [
                        {
                            "minute": "66",
                            "in": "18. Jordan Ayew",
                            "out": "11. Luciano Narsingh"
                        },
                        {
                            "minute": "76",
                            "in": "26. Bakary Sako",
                            "out": "7. Yohan Cabaye"
                        },
                        {
                            "minute": "80",
                            "in": "22. Angel Rangel",
                            "out": "26. Kyle Naughton"
                        },
                        {
                            "minute": "85",
                            "in": "3. Patrick van Aanholt",
                            "out": "10. Andros Townsend"
                        },
                        {
                            "minute": "89",
                            "in": "56. Jay Fulton",
                            "out": "51. Roque Mesa"
                        }
                    ],
                    "goals": [
                        {
                            "own_goal": "false",
                            "assist": "Tom Carroll",
                            "scorer": "18. Jordan Ayew",
                            "minute": "77"
                        }
                    ],
                    "cards": [
                        {
                            "player": "33. Federico Fernández",
                            "card": "yellow",
                            "minute": "32"
                        },
                        {
                            "player": "11. Wilfried Zaha",
                            "card": "yellow",
                            "minute": "34"
                        },
                        {
                            "player": "18. James McArthur",
                            "card": "yellow",
                            "minute": "51"
                        },
                        {
                            "player": "4. Luka Milivojevic",
                            "card": "yellow",
                            "minute": "62"
                        },
                        {
                            "player": "51. Roque Mesa",
                            "card": "yellow",
                            "minute": "85"
                        }
                    ],
                    "referee": "Craig Pawson",
                    "kick_off": "15:00"
                },
                "away_team": "Crystal Palace",
                "score": "1-1",
                "home_team": "Swansea",
                "url": "https://www.premierleague.com/match/22530"
            },
            {
                "details": {
                    "substitutions": [
                        {
                            "minute": "66",
                            "in": "18. Jordan Ayew",
                            "out": "11. Luciano Narsingh"
                        },
                        {
                            "minute": "76",
                            "in": "26. Bakary Sako",
                            "out": "7. Yohan Cabaye"
                        },
                        {
                            "minute": "80",
                            "in": "22. Angel Rangel",
                            "out": "26. Kyle Naughton"
                        },
                        {
                            "minute": "85",
                            "in": "3. Patrick van Aanholt",
                            "out": "10. Andros Townsend"
                        },
                        {
                            "minute": "89",
                            "in": "56. Jay Fulton",
                            "out": "51. Roque Mesa"
                        }
                    ],
                    "goals": [
                        {
                            "own_goal": "false",
                            "assist": "Tom Carroll",
                            "scorer": "18. Jordan Ayew",
                            "minute": "77"
                        }
                    ],
                    "cards": [
                        {
                            "player": "33. Federico Fernández",
                            "card": "yellow",
                            "minute": "32"
                        },
                        {
                            "player": "11. Wilfried Zaha",
                            "card": "yellow",
                            "minute": "34"
                        },
                        {
                            "player": "18. James McArthur",
                            "card": "yellow",
                            "minute": "51"
                        },
                        {
                            "player": "4. Luka Milivojevic",
                            "card": "yellow",
                            "minute": "62"
                        },
                        {
                            "player": "51. Roque Mesa",
                            "card": "yellow",
                            "minute": "85"
                        }
                    ],
                    "referee": "Craig Pawson",
                    "kick_off": "15:00"
                },
                "away_team": "Crystal Palace",
                "score": "1-1",
                "home_team": "Swansea",
                "url": "https://www.premierleague.com/match/22530"
            },
            {
                "details": {
                    "substitutions": [
                        {
                            "minute": "66",
                            "in": "18. Jordan Ayew",
                            "out": "11. Luciano Narsingh"
                        },
                        {
                            "minute": "76",
                            "in": "26. Bakary Sako",
                            "out": "7. Yohan Cabaye"
                        },
                        {
                            "minute": "80",
                            "in": "22. Angel Rangel",
                            "out": "26. Kyle Naughton"
                        },
                        {
                            "minute": "85",
                            "in": "3. Patrick van Aanholt",
                            "out": "10. Andros Townsend"
                        },
                        {
                            "minute": "89",
                            "in": "56. Jay Fulton",
                            "out": "51. Roque Mesa"
                        }
                    ],
                    "goals": [
                        {
                            "own_goal": "false",
                            "assist": "Tom Carroll",
                            "scorer": "18. Jordan Ayew",
                            "minute": "77"
                        }
                    ],
                    "cards": [
                        {
                            "player": "33. Federico Fernández",
                            "card": "yellow",
                            "minute": "32"
                        },
                        {
                            "player": "11. Wilfried Zaha",
                            "card": "yellow",
                            "minute": "34"
                        },
                        {
                            "player": "18. James McArthur",
                            "card": "yellow",
                            "minute": "51"
                        },
                        {
                            "player": "4. Luka Milivojevic",
                            "card": "yellow",
                            "minute": "62"
                        },
                        {
                            "player": "51. Roque Mesa",
                            "card": "yellow",
                            "minute": "85"
                        }
                    ],
                    "referee": "Craig Pawson",
                    "kick_off": "15:00"
                },
                "away_team": "Crystal Palace",
                "score": "1-1",
                "home_team": "Swansea",
                "url": "https://www.premierleague.com/match/22530"
            },
            {
                "details": {
                    "substitutions": [
                        {
                            "minute": "66",
                            "in": "18. Jordan Ayew",
                            "out": "11. Luciano Narsingh"
                        },
                        {
                            "minute": "76",
                            "in": "26. Bakary Sako",
                            "out": "7. Yohan Cabaye"
                        },
                        {
                            "minute": "80",
                            "in": "22. Angel Rangel",
                            "out": "26. Kyle Naughton"
                        },
                        {
                            "minute": "85",
                            "in": "3. Patrick van Aanholt",
                            "out": "10. Andros Townsend"
                        },
                        {
                            "minute": "89",
                            "in": "56. Jay Fulton",
                            "out": "51. Roque Mesa"
                        }
                    ],
                    "goals": [
                        {
                            "own_goal": "false",
                            "assist": "Tom Carroll",
                            "scorer": "18. Jordan Ayew",
                            "minute": "77"
                        }
                    ],
                    "cards": [
                        {
                            "player": "33. Federico Fernández",
                            "card": "yellow",
                            "minute": "32"
                        },
                        {
                            "player": "11. Wilfried Zaha",
                            "card": "yellow",
                            "minute": "34"
                        },
                        {
                            "player": "18. James McArthur",
                            "card": "yellow",
                            "minute": "51"
                        },
                        {
                            "player": "4. Luka Milivojevic",
                            "card": "yellow",
                            "minute": "62"
                        },
                        {
                            "player": "51. Roque Mesa",
                            "card": "yellow",
                            "minute": "85"
                        }
                    ],
                    "referee": "Craig Pawson",
                    "kick_off": "15:00"
                },
                "away_team": "Crystal Palace",
                "score": "1-1",
                "home_team": "Swansea",
                "url": "https://www.premierleague.com/match/22530"
            },
            {
                "details": {
                    "substitutions": [
                        {
                            "minute": "66",
                            "in": "18. Jordan Ayew",
                            "out": "11. Luciano Narsingh"
                        },
                        {
                            "minute": "76",
                            "in": "26. Bakary Sako",
                            "out": "7. Yohan Cabaye"
                        },
                        {
                            "minute": "80",
                            "in": "22. Angel Rangel",
                            "out": "26. Kyle Naughton"
                        },
                        {
                            "minute": "85",
                            "in": "3. Patrick van Aanholt",
                            "out": "10. Andros Townsend"
                        },
                        {
                            "minute": "89",
                            "in": "56. Jay Fulton",
                            "out": "51. Roque Mesa"
                        }
                    ],
                    "goals": [
                        {
                            "own_goal": "false",
                            "assist": "Tom Carroll",
                            "scorer": "18. Jordan Ayew",
                            "minute": "77"
                        }
                    ],
                    "cards": [
                        {
                            "player": "33. Federico Fernández",
                            "card": "yellow",
                            "minute": "32"
                        },
                        {
                            "player": "11. Wilfried Zaha",
                            "card": "yellow",
                            "minute": "34"
                        },
                        {
                            "player": "18. James McArthur",
                            "card": "yellow",
                            "minute": "51"
                        },
                        {
                            "player": "4. Luka Milivojevic",
                            "card": "yellow",
                            "minute": "62"
                        },
                        {
                            "player": "51. Roque Mesa",
                            "card": "yellow",
                            "minute": "85"
                        }
                    ],
                    "referee": "Craig Pawson",
                    "kick_off": "15:00"
                },
                "away_team": "Crystal Palace",
                "score": "1-1",
                "home_team": "Swansea",
                "url": "https://www.premierleague.com/match/22530"
            },
            {
                "details": {
                    "substitutions": [
                        {
                            "minute": "66",
                            "in": "18. Jordan Ayew",
                            "out": "11. Luciano Narsingh"
                        },
                        {
                            "minute": "76",
                            "in": "26. Bakary Sako",
                            "out": "7. Yohan Cabaye"
                        },
                        {
                            "minute": "80",
                            "in": "22. Angel Rangel",
                            "out": "26. Kyle Naughton"
                        },
                        {
                            "minute": "85",
                            "in": "3. Patrick van Aanholt",
                            "out": "10. Andros Townsend"
                        },
                        {
                            "minute": "89",
                            "in": "56. Jay Fulton",
                            "out": "51. Roque Mesa"
                        }
                    ],
                    "goals": [
                        {
                            "own_goal": "false",
                            "assist": "Tom Carroll",
                            "scorer": "18. Jordan Ayew",
                            "minute": "77"
                        }
                    ],
                    "cards": [
                        {
                            "player": "33. Federico Fernández",
                            "card": "yellow",
                            "minute": "32"
                        },
                        {
                            "player": "11. Wilfried Zaha",
                            "card": "yellow",
                            "minute": "34"
                        },
                        {
                            "player": "18. James McArthur",
                            "card": "yellow",
                            "minute": "51"
                        },
                        {
                            "player": "4. Luka Milivojevic",
                            "card": "yellow",
                            "minute": "62"
                        },
                        {
                            "player": "51. Roque Mesa",
                            "card": "yellow",
                            "minute": "85"
                        }
                    ],
                    "referee": "Craig Pawson",
                    "kick_off": "15:00"
                },
                "away_team": "Crystal Palace",
                "score": "1-1",
                "home_team": "Swansea",
                "url": "https://www.premierleague.com/match/22530"
            },
            {
                "details": {
                    "substitutions": [
                        {
                            "minute": "66",
                            "in": "18. Jordan Ayew",
                            "out": "11. Luciano Narsingh"
                        },
                        {
                            "minute": "76",
                            "in": "26. Bakary Sako",
                            "out": "7. Yohan Cabaye"
                        },
                        {
                            "minute": "80",
                            "in": "22. Angel Rangel",
                            "out": "26. Kyle Naughton"
                        },
                        {
                            "minute": "85",
                            "in": "3. Patrick van Aanholt",
                            "out": "10. Andros Townsend"
                        },
                        {
                            "minute": "89",
                            "in": "56. Jay Fulton",
                            "out": "51. Roque Mesa"
                        }
                    ],
                    "goals": [
                        {
                            "own_goal": "false",
                            "assist": "Tom Carroll",
                            "scorer": "18. Jordan Ayew",
                            "minute": "77"
                        }
                    ],
                    "cards": [
                        {
                            "player": "33. Federico Fernández",
                            "card": "yellow",
                            "minute": "32"
                        },
                        {
                            "player": "11. Wilfried Zaha",
                            "card": "yellow",
                            "minute": "34"
                        },
                        {
                            "player": "18. James McArthur",
                            "card": "yellow",
                            "minute": "51"
                        },
                        {
                            "player": "4. Luka Milivojevic",
                            "card": "yellow",
                            "minute": "62"
                        },
                        {
                            "player": "51. Roque Mesa",
                            "card": "yellow",
                            "minute": "85"
                        }
                    ],
                    "referee": "Craig Pawson",
                    "kick_off": "15:00"
                },
                "away_team": "Crystal Palace",
                "score": "1-1",
                "home_team": "Swansea",
                "url": "https://www.premierleague.com/match/22530"
            },
            {
                "details": {
                    "substitutions": [
                        {
                            "minute": "66",
                            "in": "18. Jordan Ayew",
                            "out": "11. Luciano Narsingh"
                        },
                        {
                            "minute": "76",
                            "in": "26. Bakary Sako",
                            "out": "7. Yohan Cabaye"
                        },
                        {
                            "minute": "80",
                            "in": "22. Angel Rangel",
                            "out": "26. Kyle Naughton"
                        },
                        {
                            "minute": "85",
                            "in": "3. Patrick van Aanholt",
                            "out": "10. Andros Townsend"
                        },
                        {
                            "minute": "89",
                            "in": "56. Jay Fulton",
                            "out": "51. Roque Mesa"
                        }
                    ],
                    "goals": [
                        {
                            "own_goal": "false",
                            "assist": "Tom Carroll",
                            "scorer": "18. Jordan Ayew",
                            "minute": "77"
                        }
                    ],
                    "cards": [
                        {
                            "player": "33. Federico Fernández",
                            "card": "yellow",
                            "minute": "32"
                        },
                        {
                            "player": "11. Wilfried Zaha",
                            "card": "yellow",
                            "minute": "34"
                        },
                        {
                            "player": "18. James McArthur",
                            "card": "yellow",
                            "minute": "51"
                        },
                        {
                            "player": "4. Luka Milivojevic",
                            "card": "yellow",
                            "minute": "62"
                        },
                        {
                            "player": "51. Roque Mesa",
                            "card": "yellow",
                            "minute": "85"
                        }
                    ],
                    "referee": "Craig Pawson",
                    "kick_off": "15:00"
                },
                "away_team": "Crystal Palace",
                "score": "1-1",
                "home_team": "Swansea",
                "url": "https://www.premierleague.com/match/22530"
            }
        ],
        "date": "Saturday 23 December 2017"
    }
]