[
    {
        "fixtures": [
            {
                "details": {
                    "substitutions": [
                        {
                            "minute": "58",
                            "in": "33. Gabriel Jesus",
                            "out": "10. Sergio Agüero"
                        },
                        {
                            "minute": "77",
                            "in": "11. Erik Lamela",
                            "out": "7. Son Heung-Min"
                        },
                        {
                            "minute": "83",
                            "in": "47. Phil Foden",
                            "out": "8. Ilkay Gündogan"
                        },
                        {
                            "minute": "84",
                            "in": "17. Moussa Sissoko",
                            "out": "20. Dele Alli"
                        },
                        {
                            "minute": "85",
                            "in": "20. Bernardo Silva",
                            "out": "19. Leroy Sané"
                        },
                        {
                            "minute": "89",
                            "in": "33. Ben Davies",
                            "out": "3. Danny Rose"
                        }
                    ],
                    "goals": [
                        {
                            "own_goal": "false",
                            "assist": "Leroy Sané",
                            "scorer": "8. Ilkay Gündogan",
                            "minute": "14"
                        },
                        {
                            "own_goal": "false",
                            "assist": "Ilkay Gündogan",
                            "scorer": "17. Kevin De Bruyne",
                            "minute": "70"
                        },
                        {
                            "own_goal": "false",
                            "assist": "Leroy Sané",
                            "scorer": "7. Raheem Sterling",
                            "minute": "80"
                        },
                        {
                            "own_goal": "false",
                            "assist": "Bernardo Silva",
                            "scorer": "7. Raheem Sterling",
                            "minute": "90"
                        },
                        {
                            "own_goal": "false",
                            "additional": "3",
                            "scorer": "23. Christian Eriksen",
                            "minute": "90"
                        }
                    ],
                    "cards": [
                        {
                            "player": "30. Nicolás Otamendi",
                            "card": "yellow",
                            "minute": "38"
                        },
                        {
                            "player": "18. Fabian Delph",
                            "card": "yellow",
                            "minute": "51"
                        },
                        {
                            "player": "10. Harry Kane",
                            "card": "yellow",
                            "minute": "52"
                        },
                        {
                            "player": "19. Mousa Dembélé",
                            "card": "yellow",
                            "minute": "62"
                        },
                        {
                            "player": "20. Dele Alli",
                            "card": "yellow",
                            "minute": "68"
                        },
                        {
                            "player": "17. Moussa Sissoko",
                            "additional": "1",
                            "card": "yellow",
                            "minute": "90"
                        }
                    ],
                    "referee": "Craig Pawson",
                    "kick_off": "17:30"
                },
                "away_team": "Spurs",
                "score": "4-1",
                "home_team": "Man City",
                "url": "https://www.premierleague.com/match/22518"
            },
            {
                "details": {
                    "substitutions": [
                        {
                            "minute": "58",
                            "in": "33. Gabriel Jesus",
                            "out": "10. Sergio Agüero"
                        },
                        {
                            "minute": "77",
                            "in": "11. Erik Lamela",
                            "out": "7. Son Heung-Min"
                        },
                        {
                            "minute": "83",
                            "in": "47. Phil Foden",
                            "out": "8. Ilkay Gündogan"
                        },
                        {
                            "minute": "84",
                            "in": "17. Moussa Sissoko",
                            "out": "20. Dele Alli"
                        },
                        {
                            "minute": "85",
                            "in": "20. Bernardo Silva",
                            "out": "19. Leroy Sané"
                        },
                        {
                            "minute": "89",
                            "in": "33. Ben Davies",
                            "out": "3. Danny Rose"
                        }
                    ],
                    "goals": [
                        {
                            "own_goal": "false",
                            "assist": "Leroy Sané",
                            "scorer": "8. Ilkay Gündogan",
                            "minute": "14"
                        },
                        {
                            "own_goal": "false",
                            "assist": "Ilkay Gündogan",
                            "scorer": "17. Kevin De Bruyne",
                            "minute": "70"
                        },
                        {
                            "own_goal": "false",
                            "assist": "Leroy Sané",
                            "scorer": "7. Raheem Sterling",
                            "minute": "80"
                        },
                        {
                            "own_goal": "false",
                            "assist": "Bernardo Silva",
                            "scorer": "7. Raheem Sterling",
                            "minute": "90"
                        },
                        {
                            "own_goal": "false",
                            "additional": "3",
                            "scorer": "23. Christian Eriksen",
                            "minute": "90"
                        }
                    ],
                    "cards": [
                        {
                            "player": "30. Nicolás Otamendi",
                            "card": "yellow",
                            "minute": "38"
                        },
                        {
                            "player": "18. Fabian Delph",
                            "card": "yellow",
                            "minute": "51"
                        },
                        {
                            "player": "10. Harry Kane",
                            "card": "yellow",
                            "minute": "52"
                        },
                        {
                            "player": "19. Mousa Dembélé",
                            "card": "yellow",
                            "minute": "62"
                        },
                        {
                            "player": "20. Dele Alli",
                            "card": "yellow",
                            "minute": "68"
                        },
                        {
                            "player": "17. Moussa Sissoko",
                            "additional": "1",
                            "card": "yellow",
                            "minute": "90"
                        }
                    ],
                    "referee": "Craig Pawson",
                    "kick_off": "17:30"
                },
                "away_team": "Spurs",
                "score": "4-1",
                "home_team": "Man City",
                "url": "https://www.premierleague.com/match/22518"
            },
            {
                "details": {
                    "substitutions": [
                        {
                            "minute": "58",
                            "in": "33. Gabriel Jesus",
                            "out": "10. Sergio Agüero"
                        },
                        {
                            "minute": "77",
                            "in": "11. Erik Lamela",
                            "out": "7. Son Heung-Min"
                        },
                        {
                            "minute": "83",
                            "in": "47. Phil Foden",
                            "out": "8. Ilkay Gündogan"
                        },
                        {
                            "minute": "84",
                            "in": "17. Moussa Sissoko",
                            "out": "20. Dele Alli"
                        },
                        {
                            "minute": "85",
                            "in": "20. Bernardo Silva",
                            "out": "19. Leroy Sané"
                        },
                        {
                            "minute": "89",
                            "in": "33. Ben Davies",
                            "out": "3. Danny Rose"
                        }
                    ],
                    "goals": [
                        {
                            "own_goal": "false",
                            "assist": "Leroy Sané",
                            "scorer": "8. Ilkay Gündogan",
                            "minute": "14"
                        },
                        {
                            "own_goal": "false",
                            "assist": "Ilkay Gündogan",
                            "scorer": "17. Kevin De Bruyne",
                            "minute": "70"
                        },
                        {
                            "own_goal": "false",
                            "assist": "Leroy Sané",
                            "scorer": "7. Raheem Sterling",
                            "minute": "80"
                        },
                        {
                            "own_goal": "false",
                            "assist": "Bernardo Silva",
                            "scorer": "7. Raheem Sterling",
                            "minute": "90"
                        },
                        {
                            "own_goal": "false",
                            "additional": "3",
                            "scorer": "23. Christian Eriksen",
                            "minute": "90"
                        }
                    ],
                    "cards": [
                        {
                            "player": "30. Nicolás Otamendi",
                            "card": "yellow",
                            "minute": "38"
                        },
                        {
                            "player": "18. Fabian Delph",
                            "card": "yellow",
                            "minute": "51"
                        },
                        {
                            "player": "10. Harry Kane",
                            "card": "yellow",
                            "minute": "52"
                        },
                        {
                            "player": "19. Mousa Dembélé",
                            "card": "yellow",
                            "minute": "62"
                        },
                        {
                            "player": "20. Dele Alli",
                            "card": "yellow",
                            "minute": "68"
                        },
                        {
                            "player": "17. Moussa Sissoko",
                            "additional": "1",
                            "card": "yellow",
                            "minute": "90"
                        }
                    ],
                    "referee": "Craig Pawson",
                    "kick_off": "17:30"
                },
                "away_team": "Spurs",
                "score": "4-1",
                "home_team": "Man City",
                "url": "https://www.premierleague.com/match/22518"
            },
            {
                "details": {
                    "substitutions": [
                        {
                            "minute": "58",
                            "in": "33. Gabriel Jesus",
                            "out": "10. Sergio Agüero"
                        },
                        {
                            "minute": "77",
                            "in": "11. Erik Lamela",
                            "out": "7. Son Heung-Min"
                        },
                        {
                            "minute": "83",
                            "in": "47. Phil Foden",
                            "out": "8. Ilkay Gündogan"
                        },
                        {
                            "minute": "84",
                            "in": "17. Moussa Sissoko",
                            "out": "20. Dele Alli"
                        },
                        {
                            "minute": "85",
                            "in": "20. Bernardo Silva",
                            "out": "19. Leroy Sané"
                        },
                        {
                            "minute": "89",
                            "in": "33. Ben Davies",
                            "out": "3. Danny Rose"
                        }
                    ],
                    "goals": [
                        {
                            "own_goal": "false",
                            "assist": "Leroy Sané",
                            "scorer": "8. Ilkay Gündogan",
                            "minute": "14"
                        },
                        {
                            "own_goal": "false",
                            "assist": "Ilkay Gündogan",
                            "scorer": "17. Kevin De Bruyne",
                            "minute": "70"
                        },
                        {
                            "own_goal": "false",
                            "assist": "Leroy Sané",
                            "scorer": "7. Raheem Sterling",
                            "minute": "80"
                        },
                        {
                            "own_goal": "false",
                            "assist": "Bernardo Silva",
                            "scorer": "7. Raheem Sterling",
                            "minute": "90"
                        },
                        {
                            "own_goal": "false",
                            "additional": "3",
                            "scorer": "23. Christian Eriksen",
                            "minute": "90"
                        }
                    ],
                    "cards": [
                        {
                            "player": "30. Nicolás Otamendi",
                            "card": "yellow",
                            "minute": "38"
                        },
                        {
                            "player": "18. Fabian Delph",
                            "card": "yellow",
                            "minute": "51"
                        },
                        {
                            "player": "10. Harry Kane",
                            "card": "yellow",
                            "minute": "52"
                        },
                        {
                            "player": "19. Mousa Dembélé",
                            "card": "yellow",
                            "minute": "62"
                        },
                        {
                            "player": "20. Dele Alli",
                            "card": "yellow",
                            "minute": "68"
                        },
                        {
                            "player": "17. Moussa Sissoko",
                            "additional": "1",
                            "card": "yellow",
                            "minute": "90"
                        }
                    ],
                    "referee": "Craig Pawson",
                    "kick_off": "17:30"
                },
                "away_team": "Spurs",
                "score": "4-1",
                "home_team": "Man City",
                "url": "https://www.premierleague.com/match/22518"
            },
            {
                "details": {
                    "substitutions": [
                        {
                            "minute": "58",
                            "in": "33. Gabriel Jesus",
                            "out": "10. Sergio Agüero"
                        },
                        {
                            "minute": "77",
                            "in": "11. Erik Lamela",
                            "out": "7. Son Heung-Min"
                        },
                        {
                            "minute": "83",
                            "in": "47. Phil Foden",
                            "out": "8. Ilkay Gündogan"
                        },
                        {
                            "minute": "84",
                            "in": "17. Moussa Sissoko",
                            "out": "20. Dele Alli"
                        },
                        {
                            "minute": "85",
                            "in": "20. Bernardo Silva",
                            "out": "19. Leroy Sané"
                        },
                        {
                            "minute": "89",
                            "in": "33. Ben Davies",
                            "out": "3. Danny Rose"
                        }
                    ],
                    "goals": [
                        {
                            "own_goal": "false",
                            "assist": "Leroy Sané",
                            "scorer": "8. Ilkay Gündogan",
                            "minute": "14"
                        },
                        {
                            "own_goal": "false",
                            "assist": "Ilkay Gündogan",
                            "scorer": "17. Kevin De Bruyne",
                            "minute": "70"
                        },
                        {
                            "own_goal": "false",
                            "assist": "Leroy Sané",
                            "scorer": "7. Raheem Sterling",
                            "minute": "80"
                        },
                        {
                            "own_goal": "false",
                            "assist": "Bernardo Silva",
                            "scorer": "7. Raheem Sterling",
                            "minute": "90"
                        },
                        {
                            "own_goal": "false",
                            "additional": "3",
                            "scorer": "23. Christian Eriksen",
                            "minute": "90"
                        }
                    ],
                    "cards": [
                        {
                            "player": "30. Nicolás Otamendi",
                            "card": "yellow",
                            "minute": "38"
                        },
                        {
                            "player": "18. Fabian Delph",
                            "card": "yellow",
                            "minute": "51"
                        },
                        {
                            "player": "10. Harry Kane",
                            "card": "yellow",
                            "minute": "52"
                        },
                        {
                            "player": "19. Mousa Dembélé",
                            "card": "yellow",
                            "minute": "62"
                        },
                        {
                            "player": "20. Dele Alli",
                            "card": "yellow",
                            "minute": "68"
                        },
                        {
                            "player": "17. Moussa Sissoko",
                            "additional": "1",
                            "card": "yellow",
                            "minute": "90"
                        }
                    ],
                    "referee": "Craig Pawson",
                    "kick_off": "17:30"
                },
                "away_team": "Spurs",
                "score": "4-1",
                "home_team": "Man City",
                "url": "https://www.premierleague.com/match/22518"
            },
            {
                "details": {
                    "substitutions": [
                        {
                            "minute": "58",
                            "in": "33. Gabriel Jesus",
                            "out": "10. Sergio Agüero"
                        },
                        {
                            "minute": "77",
                            "in": "11. Erik Lamela",
                            "out": "7. Son Heung-Min"
                        },
                        {
                            "minute": "83",
                            "in": "47. Phil Foden",
                            "out": "8. Ilkay Gündogan"
                        },
                        {
                            "minute": "84",
                            "in": "17. Moussa Sissoko",
                            "out": "20. Dele Alli"
                        },
                        {
                            "minute": "85",
                            "in": "20. Bernardo Silva",
                            "out": "19. Leroy Sané"
                        },
                        {
                            "minute": "89",
                            "in": "33. Ben Davies",
                            "out": "3. Danny Rose"
                        }
                    ],
                    "goals": [
                        {
                            "own_goal": "false",
                            "assist": "Leroy Sané",
                            "scorer": "8. Ilkay Gündogan",
                            "minute": "14"
                        },
                        {
                            "own_goal": "false",
                            "assist": "Ilkay Gündogan",
                            "scorer": "17. Kevin De Bruyne",
                            "minute": "70"
                        },
                        {
                            "own_goal": "false",
                            "assist": "Leroy Sané",
                            "scorer": "7. Raheem Sterling",
                            "minute": "80"
                        },
                        {
                            "own_goal": "false",
                            "assist": "Bernardo Silva",
                            "scorer": "7. Raheem Sterling",
                            "minute": "90"
                        },
                        {
                            "own_goal": "false",
                            "additional": "3",
                            "scorer": "23. Christian Eriksen",
                            "minute": "90"
                        }
                    ],
                    "cards": [
                        {
                            "player": "30. Nicolás Otamendi",
                            "card": "yellow",
                            "minute": "38"
                        },
                        {
                            "player": "18. Fabian Delph",
                            "card": "yellow",
                            "minute": "51"
                        },
                        {
                            "player": "10. Harry Kane",
                            "card": "yellow",
                            "minute": "52"
                        },
                        {
                            "player": "19. Mousa Dembélé",
                            "card": "yellow",
                            "minute": "62"
                        },
                        {
                            "player": "20. Dele Alli",
                            "card": "yellow",
                            "minute": "68"
                        },
                        {
                            "player": "17. Moussa Sissoko",
                            "additional": "1",
                            "card": "yellow",
                            "minute": "90"
                        }
                    ],
                    "referee": "Craig Pawson",
                    "kick_off": "17:30"
                },
                "away_team": "Spurs",
                "score": "4-1",
                "home_team": "Man City",
                "url": "https://www.premierleague.com/match/22518"
            },
            {
                "details": {
                    "substitutions": [
                        {
                            "minute": "58",
                            "in": "33. Gabriel Jesus",
                            "out": "10. Sergio Agüero"
                        },
                        {
                            "minute": "77",
                            "in": "11. Erik Lamela",
                            "out": "7. Son Heung-Min"
                        },
                        {
                            "minute": "83",
                            "in": "47. Phil Foden",
                            "out": "8. Ilkay Gündogan"
                        },
                        {
                            "minute": "84",
                            "in": "17. Moussa Sissoko",
                            "out": "20. Dele Alli"
                        },
                        {
                            "minute": "85",
                            "in": "20. Bernardo Silva",
                            "out": "19. Leroy Sané"
                        },
                        {
                            "minute": "89",
                            "in": "33. Ben Davies",
                            "out": "3. Danny Rose"
                        }
                    ],
                    "goals": [
                        {
                            "own_goal": "false",
                            "assist": "Leroy Sané",
                            "scorer": "8. Ilkay Gündogan",
                            "minute": "14"
                        },
                        {
                            "own_goal": "false",
                            "assist": "Ilkay Gündogan",
                            "scorer": "17. Kevin De Bruyne",
                            "minute": "70"
                        },
                        {
                            "own_goal": "false",
                            "assist": "Leroy Sané",
                            "scorer": "7. Raheem Sterling",
                            "minute": "80"
                        },
                        {
                            "own_goal": "false",
                            "assist": "Bernardo Silva",
                            "scorer": "7. Raheem Sterling",
                            "minute": "90"
                        },
                        {
                            "own_goal": "false",
                            "additional": "3",
                            "scorer": "23. Christian Eriksen",
                            "minute": "90"
                        }
                    ],
                    "cards": [
                        {
                            "player": "30. Nicolás Otamendi",
                            "card": "yellow",
                            "minute": "38"
                        },
                        {
                            "player": "18. Fabian Delph",
                            "card": "yellow",
                            "minute": "51"
                        },
                        {
                            "player": "10. Harry Kane",
                            "card": "yellow",
                            "minute": "52"
                        },
                        {
                            "player": "19. Mousa Dembélé",
                            "card": "yellow",
                            "minute": "62"
                        },
                        {
                            "player": "20. Dele Alli",
                            "card": "yellow",
                            "minute": "68"
                        },
                        {
                            "player": "17. Moussa Sissoko",
                            "additional": "1",
                            "card": "yellow",
                            "minute": "90"
                        }
                    ],
                    "referee": "Craig Pawson",
                    "kick_off": "17:30"
                },
                "away_team": "Spurs",
                "score": "4-1",
                "home_team": "Man City",
                "url": "https://www.premierleague.com/match/22518"
            }
        ],
        "date": "Saturday 16 December 2017"
    }
]