[
    {
        "fixtures": [
            {
                "details": {
                    "substitutions": [
                        {
                            "minute": "14",
                            "in": "19. Marcus Rashford",
                            "out": "9. Romelu Lukaku"
                        },
                        {
                            "minute": "65",
                            "in": "11. Anthony Martial",
                            "out": "22. Henrikh Mkhitaryan"
                        },
                        {
                            "minute": "80",
                            "in": "20. Manolo Gabbiadini",
                            "out": "7. Shane Long"
                        },
                        {
                            "minute": "82",
                            "in": "18. Mario Lemina",
                            "out": "11. Dusan Tadic"
                        },
                        {
                            "minute": "85",
                            "in": "22. Nathan Redmond",
                            "out": "19. Sofiane Boufal"
                        }
                    ],
                    "goals": [],
                    "cards": [
                        {
                            "player": "23. Pierre-Emile Højbjerg",
                            "card": "yellow",
                            "minute": "26"
                        },
                        {
                            "player": "6. Wesley Hoedt",
                            "card": "yellow",
                            "minute": "44"
                        },
                        {
                            "player": "19. Sofiane Boufal",
                            "card": "yellow",
                            "minute": "58"
                        },
                        {
                            "player": "14. Jesse Lingard",
                            "card": "yellow",
                            "minute": "60"
                        },
                        {
                            "player": "31. Nemanja Matic",
                            "card": "yellow",
                            "minute": "72"
                        },
                        {
                            "player": "16. James Ward-Prowse",
                            "card": "yellow",
                            "minute": "80"
                        }
                    ],
                    "referee": "Craig Pawson",
                    "kick_off": "17:30"
                },
                "away_team": "Southampton",
                "score": "0-0",
                "home_team": "Man Utd",
                "url": "https://www.premierleague.com/match/22547"
            },
            {
                "details": {
                    "substitutions": [
                        {
                            "minute": "14",
                            "in": "19. Marcus Rashford",
                            "out": "9. Romelu Lukaku"
                        },
                        {
                            "minute": "65",
                            "in": "11. Anthony Martial",
                            "out": "22. Henrikh Mkhitaryan"
                        },
                        {
                            "minute": "80",
                            "in": "20. Manolo Gabbiadini",
                            "out": "7. Shane Long"
                        },
                        {
                            "minute": "82",
                            "in": "18. Mario Lemina",
                            "out": "11. Dusan Tadic"
                        },
                        {
                            "minute": "85",
                            "in": "22. Nathan Redmond",
                            "out": "19. Sofiane Boufal"
                        }
                    ],
                    "goals": [],
                    "cards": [
                        {
                            "player": "23. Pierre-Emile Højbjerg",
                            "card": "yellow",
                            "minute": "26"
                        },
                        {
                            "player": "6. Wesley Hoedt",
                            "card": "yellow",
                            "minute": "44"
                        },
                        {
                            "player": "19. Sofiane Boufal",
                            "card": "yellow",
                            "minute": "58"
                        },
                        {
                            "player": "14. Jesse Lingard",
                            "card": "yellow",
                            "minute": "60"
                        },
                        {
                            "player": "31. Nemanja Matic",
                            "card": "yellow",
                            "minute": "72"
                        },
                        {
                            "player": "16. James Ward-Prowse",
                            "card": "yellow",
                            "minute": "80"
                        }
                    ],
                    "referee": "Craig Pawson",
                    "kick_off": "17:30"
                },
                "away_team": "Southampton",
                "score": "0-0",
                "home_team": "Man Utd",
                "url": "https://www.premierleague.com/match/22547"
            },
            {
                "details": {
                    "substitutions": [
                        {
                            "minute": "14",
                            "in": "19. Marcus Rashford",
                            "out": "9. Romelu Lukaku"
                        },
                        {
                            "minute": "65",
                            "in": "11. Anthony Martial",
                            "out": "22. Henrikh Mkhitaryan"
                        },
                        {
                            "minute": "80",
                            "in": "20. Manolo Gabbiadini",
                            "out": "7. Shane Long"
                        },
                        {
                            "minute": "82",
                            "in": "18. Mario Lemina",
                            "out": "11. Dusan Tadic"
                        },
                        {
                            "minute": "85",
                            "in": "22. Nathan Redmond",
                            "out": "19. Sofiane Boufal"
                        }
                    ],
                    "goals": [],
                    "cards": [
                        {
                            "player": "23. Pierre-Emile Højbjerg",
                            "card": "yellow",
                            "minute": "26"
                        },
                        {
                            "player": "6. Wesley Hoedt",
                            "card": "yellow",
                            "minute": "44"
                        },
                        {
                            "player": "19. Sofiane Boufal",
                            "card": "yellow",
                            "minute": "58"
                        },
                        {
                            "player": "14. Jesse Lingard",
                            "card": "yellow",
                            "minute": "60"
                        },
                        {
                            "player": "31. Nemanja Matic",
                            "card": "yellow",
                            "minute": "72"
                        },
                        {
                            "player": "16. James Ward-Prowse",
                            "card": "yellow",
                            "minute": "80"
                        }
                    ],
                    "referee": "Craig Pawson",
                    "kick_off": "17:30"
                },
                "away_team": "Southampton",
                "score": "0-0",
                "home_team": "Man Utd",
                "url": "https://www.premierleague.com/match/22547"
            },
            {
                "details": {
                    "substitutions": [
                        {
                            "minute": "14",
                            "in": "19. Marcus Rashford",
                            "out": "9. Romelu Lukaku"
                        },
                        {
                            "minute": "65",
                            "in": "11. Anthony Martial",
                            "out": "22. Henrikh Mkhitaryan"
                        },
                        {
                            "minute": "80",
                            "in": "20. Manolo Gabbiadini",
                            "out": "7. Shane Long"
                        },
                        {
                            "minute": "82",
                            "in": "18. Mario Lemina",
                            "out": "11. Dusan Tadic"
                        },
                        {
                            "minute": "85",
                            "in": "22. Nathan Redmond",
                            "out": "19. Sofiane Boufal"
                        }
                    ],
                    "goals": [],
                    "cards": [
                        {
                            "player": "23. Pierre-Emile Højbjerg",
                            "card": "yellow",
                            "minute": "26"
                        },
                        {
                            "player": "6. Wesley Hoedt",
                            "card": "yellow",
                            "minute": "44"
                        },
                        {
                            "player": "19. Sofiane Boufal",
                            "card": "yellow",
                            "minute": "58"
                        },
                        {
                            "player": "14. Jesse Lingard",
                            "card": "yellow",
                            "minute": "60"
                        },
                        {
                            "player": "31. Nemanja Matic",
                            "card": "yellow",
                            "minute": "72"
                        },
                        {
                            "player": "16. James Ward-Prowse",
                            "card": "yellow",
                            "minute": "80"
                        }
                    ],
                    "referee": "Craig Pawson",
                    "kick_off": "17:30"
                },
                "away_team": "Southampton",
                "score": "0-0",
                "home_team": "Man Utd",
                "url": "https://www.premierleague.com/match/22547"
            },
            {
                "details": {
                    "substitutions": [
                        {
                            "minute": "14",
                            "in": "19. Marcus Rashford",
                            "out": "9. Romelu Lukaku"
                        },
                        {
                            "minute": "65",
                            "in": "11. Anthony Martial",
                            "out": "22. Henrikh Mkhitaryan"
                        },
                        {
                            "minute": "80",
                            "in": "20. Manolo Gabbiadini",
                            "out": "7. Shane Long"
                        },
                        {
                            "minute": "82",
                            "in": "18. Mario Lemina",
                            "out": "11. Dusan Tadic"
                        },
                        {
                            "minute": "85",
                            "in": "22. Nathan Redmond",
                            "out": "19. Sofiane Boufal"
                        }
                    ],
                    "goals": [],
                    "cards": [
                        {
                            "player": "23. Pierre-Emile Højbjerg",
                            "card": "yellow",
                            "minute": "26"
                        },
                        {
                            "player": "6. Wesley Hoedt",
                            "card": "yellow",
                            "minute": "44"
                        },
                        {
                            "player": "19. Sofiane Boufal",
                            "card": "yellow",
                            "minute": "58"
                        },
                        {
                            "player": "14. Jesse Lingard",
                            "card": "yellow",
                            "minute": "60"
                        },
                        {
                            "player": "31. Nemanja Matic",
                            "card": "yellow",
                            "minute": "72"
                        },
                        {
                            "player": "16. James Ward-Prowse",
                            "card": "yellow",
                            "minute": "80"
                        }
                    ],
                    "referee": "Craig Pawson",
                    "kick_off": "17:30"
                },
                "away_team": "Southampton",
                "score": "0-0",
                "home_team": "Man Utd",
                "url": "https://www.premierleague.com/match/22547"
            },
            {
                "details": {
                    "substitutions": [
                        {
                            "minute": "14",
                            "in": "19. Marcus Rashford",
                            "out": "9. Romelu Lukaku"
                        },
                        {
                            "minute": "65",
                            "in": "11. Anthony Martial",
                            "out": "22. Henrikh Mkhitaryan"
                        },
                        {
                            "minute": "80",
                            "in": "20. Manolo Gabbiadini",
                            "out": "7. Shane Long"
                        },
                        {
                            "minute": "82",
                            "in": "18. Mario Lemina",
                            "out": "11. Dusan Tadic"
                        },
                        {
                            "minute": "85",
                            "in": "22. Nathan Redmond",
                            "out": "19. Sofiane Boufal"
                        }
                    ],
                    "goals": [],
                    "cards": [
                        {
                            "player": "23. Pierre-Emile Højbjerg",
                            "card": "yellow",
                            "minute": "26"
                        },
                        {
                            "player": "6. Wesley Hoedt",
                            "card": "yellow",
                            "minute": "44"
                        },
                        {
                            "player": "19. Sofiane Boufal",
                            "card": "yellow",
                            "minute": "58"
                        },
                        {
                            "player": "14. Jesse Lingard",
                            "card": "yellow",
                            "minute": "60"
                        },
                        {
                            "player": "31. Nemanja Matic",
                            "card": "yellow",
                            "minute": "72"
                        },
                        {
                            "player": "16. James Ward-Prowse",
                            "card": "yellow",
                            "minute": "80"
                        }
                    ],
                    "referee": "Craig Pawson",
                    "kick_off": "17:30"
                },
                "away_team": "Southampton",
                "score": "0-0",
                "home_team": "Man Utd",
                "url": "https://www.premierleague.com/match/22547"
            },
            {
                "details": {
                    "substitutions": [
                        {
                            "minute": "14",
                            "in": "19. Marcus Rashford",
                            "out": "9. Romelu Lukaku"
                        },
                        {
                            "minute": "65",
                            "in": "11. Anthony Martial",
                            "out": "22. Henrikh Mkhitaryan"
                        },
                        {
                            "minute": "80",
                            "in": "20. Manolo Gabbiadini",
                            "out": "7. Shane Long"
                        },
                        {
                            "minute": "82",
                            "in": "18. Mario Lemina",
                            "out": "11. Dusan Tadic"
                        },
                        {
                            "minute": "85",
                            "in": "22. Nathan Redmond",
                            "out": "19. Sofiane Boufal"
                        }
                    ],
                    "goals": [],
                    "cards": [
                        {
                            "player": "23. Pierre-Emile Højbjerg",
                            "card": "yellow",
                            "minute": "26"
                        },
                        {
                            "player": "6. Wesley Hoedt",
                            "card": "yellow",
                            "minute": "44"
                        },
                        {
                            "player": "19. Sofiane Boufal",
                            "card": "yellow",
                            "minute": "58"
                        },
                        {
                            "player": "14. Jesse Lingard",
                            "card": "yellow",
                            "minute": "60"
                        },
                        {
                            "player": "31. Nemanja Matic",
                            "card": "yellow",
                            "minute": "72"
                        },
                        {
                            "player": "16. James Ward-Prowse",
                            "card": "yellow",
                            "minute": "80"
                        }
                    ],
                    "referee": "Craig Pawson",
                    "kick_off": "17:30"
                },
                "away_team": "Southampton",
                "score": "0-0",
                "home_team": "Man Utd",
                "url": "https://www.premierleague.com/match/22547"
            }
        ],
        "date": "Saturday 30 December 2017"
    }
]