[
    {
        "fixtures": [
            {
                "details": {
                    "substitutions": [
                        {
                            "minute": "37",
                            "in": "30. Ainsley Maitland-Niles",
                            "out": "31. Sead Kolasinac"
                        },
                        {
                            "minute": "72",
                            "in": "4. Per Mertesacker",
                            "out": "6. Laurent Koscielny"
                        },
                        {
                            "minute": "72",
                            "in": "14. James McClean",
                            "out": "10. Matt Phillips"
                        },
                        {
                            "minute": "72",
                            "in": "20. Grzegorz Krychowiak",
                            "out": "11. Chris Brunt"
                        },
                        {
                            "minute": "74",
                            "in": "23. Danny Welbeck",
                            "out": "17. Alex Iwobi"
                        },
                        {
                            "minute": "75",
                            "in": "2. Nyom",
                            "out": "4. Hal Robson-Kanu"
                        }
                    ],
                    "goals": [
                        {
                            "own_goal": "true",
                            "scorer": "14. James McClean",
                            "minute": "83"
                        }
                    ],
                    "cards": [
                        {
                            "player": "6. Jonny Evans",
                            "card": "yellow",
                            "minute": "34"
                        },
                        {
                            "player": "20. Shkodran Mustafi",
                            "card": "yellow",
                            "minute": "58"
                        },
                        {
                            "player": "11. Chris Brunt",
                            "card": "yellow",
                            "minute": "59"
                        },
                        {
                            "player": "25. Craig Dawson",
                            "card": "yellow",
                            "minute": "82"
                        },
                        {
                            "player": "10. Jack Wilshere",
                            "card": "yellow",
                            "minute": "88"
                        },
                        {
                            "player": "33. Petr Cech",
                            "additional": "5",
                            "card": "yellow",
                            "minute": "90"
                        }
                    ],
                    "referee": "Mike Dean",
                    "kick_off": "16:30"
                },
                "away_team": "Arsenal",
                "score": "1-1",
                "home_team": "West Brom",
                "url": "https://www.premierleague.com/match/22551"
            },
            {
                "details": {
                    "substitutions": [
                        {
                            "minute": "37",
                            "in": "30. Ainsley Maitland-Niles",
                            "out": "31. Sead Kolasinac"
                        },
                        {
                            "minute": "72",
                            "in": "4. Per Mertesacker",
                            "out": "6. Laurent Koscielny"
                        },
                        {
                            "minute": "72",
                            "in": "14. James McClean",
                            "out": "10. Matt Phillips"
                        },
                        {
                            "minute": "72",
                            "in": "20. Grzegorz Krychowiak",
                            "out": "11. Chris Brunt"
                        },
                        {
                            "minute": "74",
                            "in": "23. Danny Welbeck",
                            "out": "17. Alex Iwobi"
                        },
                        {
                            "minute": "75",
                            "in": "2. Nyom",
                            "out": "4. Hal Robson-Kanu"
                        }
                    ],
                    "goals": [
                        {
                            "own_goal": "true",
                            "scorer": "14. James McClean",
                            "minute": "83"
                        }
                    ],
                    "cards": [
                        {
                            "player": "6. Jonny Evans",
                            "card": "yellow",
                            "minute": "34"
                        },
                        {
                            "player": "20. Shkodran Mustafi",
                            "card": "yellow",
                            "minute": "58"
                        },
                        {
                            "player": "11. Chris Brunt",
                            "card": "yellow",
                            "minute": "59"
                        },
                        {
                            "player": "25. Craig Dawson",
                            "card": "yellow",
                            "minute": "82"
                        },
                        {
                            "player": "10. Jack Wilshere",
                            "card": "yellow",
                            "minute": "88"
                        },
                        {
                            "player": "33. Petr Cech",
                            "additional": "5",
                            "card": "yellow",
                            "minute": "90"
                        }
                    ],
                    "referee": "Mike Dean",
                    "kick_off": "16:30"
                },
                "away_team": "Arsenal",
                "score": "1-1",
                "home_team": "West Brom",
                "url": "https://www.premierleague.com/match/22551"
            }
        ],
        "date": "Sunday 31 December 2017"
    }
]