[
    {
        "fixtures": [
            {
                "details": {
                    "substitutions": [
                        {
                            "minute": "62",
                            "in": "12. Aaron Lennon",
                            "out": "7. Yannick Bolasie"
                        },
                        {
                            "minute": "62",
                            "in": "16. James McCarthy",
                            "out": "10. Wayne Rooney"
                        },
                        {
                            "minute": "77",
                            "in": "19. Marcus Rashford",
                            "out": "11. Anthony Martial"
                        },
                        {
                            "minute": "81",
                            "in": "29. Dominic Calvert-Lewin",
                            "out": "19. Oumar Niasse"
                        },
                        {
                            "minute": "87",
                            "in": "17. Daley Blind",
                            "out": "14. Jesse Lingard"
                        },
                        {
                            "minute": "90",
                            "additional": "2",
                            "in": "38. Axel Tuanzebe",
                            "out": "8. Juan Mata"
                        }
                    ],
                    "goals": [
                        {
                            "own_goal": "false",
                            "assist": "Paul Pogba",
                            "scorer": "11. Anthony Martial",
                            "minute": "57"
                        },
                        {
                            "own_goal": "false",
                            "assist": "Paul Pogba",
                            "scorer": "14. Jesse Lingard",
                            "minute": "81"
                        }
                    ],
                    "cards": [
                        {
                            "player": "10. Wayne Rooney",
                            "card": "yellow",
                            "minute": "43"
                        },
                        {
                            "player": "30. Mason Holgate",
                            "card": "yellow",
                            "minute": "83"
                        }
                    ],
                    "referee": "Andre Marriner",
                    "kick_off": "17:30"
                },
                "away_team": "Man Utd",
                "score": "0-2",
                "home_team": "Everton",
                "url": "https://www.premierleague.com/match/22555"
            },
            {
                "details": {
                    "substitutions": [
                        {
                            "minute": "62",
                            "in": "12. Aaron Lennon",
                            "out": "7. Yannick Bolasie"
                        },
                        {
                            "minute": "62",
                            "in": "16. James McCarthy",
                            "out": "10. Wayne Rooney"
                        },
                        {
                            "minute": "77",
                            "in": "19. Marcus Rashford",
                            "out": "11. Anthony Martial"
                        },
                        {
                            "minute": "81",
                            "in": "29. Dominic Calvert-Lewin",
                            "out": "19. Oumar Niasse"
                        },
                        {
                            "minute": "87",
                            "in": "17. Daley Blind",
                            "out": "14. Jesse Lingard"
                        },
                        {
                            "minute": "90",
                            "additional": "2",
                            "in": "38. Axel Tuanzebe",
                            "out": "8. Juan Mata"
                        }
                    ],
                    "goals": [
                        {
                            "own_goal": "false",
                            "assist": "Paul Pogba",
                            "scorer": "11. Anthony Martial",
                            "minute": "57"
                        },
                        {
                            "own_goal": "false",
                            "assist": "Paul Pogba",
                            "scorer": "14. Jesse Lingard",
                            "minute": "81"
                        }
                    ],
                    "cards": [
                        {
                            "player": "10. Wayne Rooney",
                            "card": "yellow",
                            "minute": "43"
                        },
                        {
                            "player": "30. Mason Holgate",
                            "card": "yellow",
                            "minute": "83"
                        }
                    ],
                    "referee": "Andre Marriner",
                    "kick_off": "17:30"
                },
                "away_team": "Man Utd",
                "score": "0-2",
                "home_team": "Everton",
                "url": "https://www.premierleague.com/match/22555"
            },
            {
                "details": {
                    "substitutions": [
                        {
                            "minute": "62",
                            "in": "12. Aaron Lennon",
                            "out": "7. Yannick Bolasie"
                        },
                        {
                            "minute": "62",
                            "in": "16. James McCarthy",
                            "out": "10. Wayne Rooney"
                        },
                        {
                            "minute": "77",
                            "in": "19. Marcus Rashford",
                            "out": "11. Anthony Martial"
                        },
                        {
                            "minute": "81",
                            "in": "29. Dominic Calvert-Lewin",
                            "out": "19. Oumar Niasse"
                        },
                        {
                            "minute": "87",
                            "in": "17. Daley Blind",
                            "out": "14. Jesse Lingard"
                        },
                        {
                            "minute": "90",
                            "additional": "2",
                            "in": "38. Axel Tuanzebe",
                            "out": "8. Juan Mata"
                        }
                    ],
                    "goals": [
                        {
                            "own_goal": "false",
                            "assist": "Paul Pogba",
                            "scorer": "11. Anthony Martial",
                            "minute": "57"
                        },
                        {
                            "own_goal": "false",
                            "assist": "Paul Pogba",
                            "scorer": "14. Jesse Lingard",
                            "minute": "81"
                        }
                    ],
                    "cards": [
                        {
                            "player": "10. Wayne Rooney",
                            "card": "yellow",
                            "minute": "43"
                        },
                        {
                            "player": "30. Mason Holgate",
                            "card": "yellow",
                            "minute": "83"
                        }
                    ],
                    "referee": "Andre Marriner",
                    "kick_off": "17:30"
                },
                "away_team": "Man Utd",
                "score": "0-2",
                "home_team": "Everton",
                "url": "https://www.premierleague.com/match/22555"
            },
            {
                "details": {
                    "substitutions": [
                        {
                            "minute": "62",
                            "in": "12. Aaron Lennon",
                            "out": "7. Yannick Bolasie"
                        },
                        {
                            "minute": "62",
                            "in": "16. James McCarthy",
                            "out": "10. Wayne Rooney"
                        },
                        {
                            "minute": "77",
                            "in": "19. Marcus Rashford",
                            "out": "11. Anthony Martial"
                        },
                        {
                            "minute": "81",
                            "in": "29. Dominic Calvert-Lewin",
                            "out": "19. Oumar Niasse"
                        },
                        {
                            "minute": "87",
                            "in": "17. Daley Blind",
                            "out": "14. Jesse Lingard"
                        },
                        {
                            "minute": "90",
                            "additional": "2",
                            "in": "38. Axel Tuanzebe",
                            "out": "8. Juan Mata"
                        }
                    ],
                    "goals": [
                        {
                            "own_goal": "false",
                            "assist": "Paul Pogba",
                            "scorer": "11. Anthony Martial",
                            "minute": "57"
                        },
                        {
                            "own_goal": "false",
                            "assist": "Paul Pogba",
                            "scorer": "14. Jesse Lingard",
                            "minute": "81"
                        }
                    ],
                    "cards": [
                        {
                            "player": "10. Wayne Rooney",
                            "card": "yellow",
                            "minute": "43"
                        },
                        {
                            "player": "30. Mason Holgate",
                            "card": "yellow",
                            "minute": "83"
                        }
                    ],
                    "referee": "Andre Marriner",
                    "kick_off": "17:30"
                },
                "away_team": "Man Utd",
                "score": "0-2",
                "home_team": "Everton",
                "url": "https://www.premierleague.com/match/22555"
            },
            {
                "details": {
                    "substitutions": [
                        {
                            "minute": "62",
                            "in": "12. Aaron Lennon",
                            "out": "7. Yannick Bolasie"
                        },
                        {
                            "minute": "62",
                            "in": "16. James McCarthy",
                            "out": "10. Wayne Rooney"
                        },
                        {
                            "minute": "77",
                            "in": "19. Marcus Rashford",
                            "out": "11. Anthony Martial"
                        },
                        {
                            "minute": "81",
                            "in": "29. Dominic Calvert-Lewin",
                            "out": "19. Oumar Niasse"
                        },
                        {
                            "minute": "87",
                            "in": "17. Daley Blind",
                            "out": "14. Jesse Lingard"
                        },
                        {
                            "minute": "90",
                            "additional": "2",
                            "in": "38. Axel Tuanzebe",
                            "out": "8. Juan Mata"
                        }
                    ],
                    "goals": [
                        {
                            "own_goal": "false",
                            "assist": "Paul Pogba",
                            "scorer": "11. Anthony Martial",
                            "minute": "57"
                        },
                        {
                            "own_goal": "false",
                            "assist": "Paul Pogba",
                            "scorer": "14. Jesse Lingard",
                            "minute": "81"
                        }
                    ],
                    "cards": [
                        {
                            "player": "10. Wayne Rooney",
                            "card": "yellow",
                            "minute": "43"
                        },
                        {
                            "player": "30. Mason Holgate",
                            "card": "yellow",
                            "minute": "83"
                        }
                    ],
                    "referee": "Andre Marriner",
                    "kick_off": "17:30"
                },
                "away_team": "Man Utd",
                "score": "0-2",
                "home_team": "Everton",
                "url": "https://www.premierleague.com/match/22555"
            }
        ],
        "date": "Monday 1 January 2018"
    }
]