[
    {
        "fixtures": [
            {
                "details": {
                    "substitutions": [
                        {
                            "minute": "64",
                            "in": "20. André Ayew",
                            "out": "17. Chicharito"
                        },
                        {
                            "minute": "74",
                            "in": "11. Erik Lamela",
                            "out": "17. Moussa Sissoko"
                        },
                        {
                            "minute": "74",
                            "in": "12. Victor Wanyama",
                            "out": "15. Eric Dier"
                        },
                        {
                            "minute": "82",
                            "in": "18. Fernando Llorente",
                            "out": "33. Ben Davies"
                        },
                        {
                            "minute": "85",
                            "in": "9. Andy Carroll",
                            "out": "10. Manuel Lanzini"
                        }
                    ],
                    "goals": [
                        {
                            "own_goal": "false",
                            "assist": "Manuel Lanzini",
                            "scorer": "14. Pedro Obiang",
                            "minute": "70"
                        },
                        {
                            "own_goal": "false",
                            "assist": "Erik Lamela",
                            "scorer": "7. Son Heung-Min",
                            "minute": "84"
                        }
                    ],
                    "cards": [
                        {
                            "player": "9. Andy Carroll",
                            "card": "yellow",
                            "minute": "87"
                        },
                        {
                            "player": "16. Mark Noble",
                            "card": "yellow",
                            "minute": "90"
                        }
                    ],
                    "referee": "Mike Dean",
                    "kick_off": "20:00"
                },
                "away_team": "West Ham",
                "score": "1-1",
                "home_team": "Spurs",
                "url": "https://www.premierleague.com/match/22549"
            }
        ],
        "date": "Thursday 4 January 2018"
    }
]