[
    {
        "fixtures": [
            {
                "details": {
                    "substitutions": [
                        {
                            "minute": "31",
                            "in": "3. Danilo",
                            "out": "18. Fabian Delph"
                        },
                        {
                            "minute": "71",
                            "in": "20. Bernardo Silva",
                            "out": "7. Raheem Sterling"
                        },
                        {
                            "minute": "79",
                            "in": "7. James Milner",
                            "out": "23. Emre Can"
                        },
                        {
                            "minute": "88",
                            "in": "20. Adam Lallana",
                            "out": "11. Mohamed Salah"
                        },
                        {
                            "minute": "90",
                            "additional": "4",
                            "in": "17. Ragnar Klavan",
                            "out": "19. Sadio Mané"
                        }
                    ],
                    "goals": [
                        {
                            "own_goal": "false",
                            "assist": "Roberto Firmino",
                            "scorer": "21. Alex Oxlade-Chamberlain",
                            "minute": "9"
                        },
                        {
                            "own_goal": "false",
                            "assist": "Kyle Walker",
                            "scorer": "19. Leroy Sané",
                            "minute": "40"
                        },
                        {
                            "own_goal": "false",
                            "assist": "Alex Oxlade-Chamberlain",
                            "scorer": "9. Roberto Firmino",
                            "minute": "59"
                        },
                        {
                            "own_goal": "false",
                            "assist": "Mohamed Salah",
                            "scorer": "19. Sadio Mané",
                            "minute": "61"
                        },
                        {
                            "own_goal": "false",
                            "scorer": "11. Mohamed Salah",
                            "minute": "68"
                        },
                        {
                            "own_goal": "false",
                            "scorer": "20. Bernardo Silva",
                            "minute": "84"
                        },
                        {
                            "own_goal": "false",
                            "additional": "1",
                            "assist": "Sergio Agüero",
                            "scorer": "8. Ilkay Gündogan",
                            "minute": "90"
                        }
                    ],
                    "cards": [
                        {
                            "player": "9. Roberto Firmino",
                            "card": "yellow",
                            "minute": "60"
                        },
                        {
                            "player": "30. Nicolás Otamendi",
                            "card": "yellow",
                            "minute": "65"
                        },
                        {
                            "player": "7. Raheem Sterling",
                            "card": "yellow",
                            "minute": "69"
                        },
                        {
                            "player": "25. Fernandinho",
                            "card": "yellow",
                            "minute": "72"
                        },
                        {
                            "player": "7. James Milner",
                            "additional": "3",
                            "card": "yellow",
                            "minute": "90"
                        }
                    ],
                    "referee": "Andre Marriner",
                    "kick_off": "16:00"
                },
                "away_team": "Man City",
                "score": "4-3",
                "home_team": "Liverpool",
                "url": "https://www.premierleague.com/match/22566"
            },
            {
                "details": {
                    "substitutions": [
                        {
                            "minute": "31",
                            "in": "3. Danilo",
                            "out": "18. Fabian Delph"
                        },
                        {
                            "minute": "71",
                            "in": "20. Bernardo Silva",
                            "out": "7. Raheem Sterling"
                        },
                        {
                            "minute": "79",
                            "in": "7. James Milner",
                            "out": "23. Emre Can"
                        },
                        {
                            "minute": "88",
                            "in": "20. Adam Lallana",
                            "out": "11. Mohamed Salah"
                        },
                        {
                            "minute": "90",
                            "additional": "4",
                            "in": "17. Ragnar Klavan",
                            "out": "19. Sadio Mané"
                        }
                    ],
                    "goals": [
                        {
                            "own_goal": "false",
                            "assist": "Roberto Firmino",
                            "scorer": "21. Alex Oxlade-Chamberlain",
                            "minute": "9"
                        },
                        {
                            "own_goal": "false",
                            "assist": "Kyle Walker",
                            "scorer": "19. Leroy Sané",
                            "minute": "40"
                        },
                        {
                            "own_goal": "false",
                            "assist": "Alex Oxlade-Chamberlain",
                            "scorer": "9. Roberto Firmino",
                            "minute": "59"
                        },
                        {
                            "own_goal": "false",
                            "assist": "Mohamed Salah",
                            "scorer": "19. Sadio Mané",
                            "minute": "61"
                        },
                        {
                            "own_goal": "false",
                            "scorer": "11. Mohamed Salah",
                            "minute": "68"
                        },
                        {
                            "own_goal": "false",
                            "scorer": "20. Bernardo Silva",
                            "minute": "84"
                        },
                        {
                            "own_goal": "false",
                            "additional": "1",
                            "assist": "Sergio Agüero",
                            "scorer": "8. Ilkay Gündogan",
                            "minute": "90"
                        }
                    ],
                    "cards": [
                        {
                            "player": "9. Roberto Firmino",
                            "card": "yellow",
                            "minute": "60"
                        },
                        {
                            "player": "30. Nicolás Otamendi",
                            "card": "yellow",
                            "minute": "65"
                        },
                        {
                            "player": "7. Raheem Sterling",
                            "card": "yellow",
                            "minute": "69"
                        },
                        {
                            "player": "25. Fernandinho",
                            "card": "yellow",
                            "minute": "72"
                        },
                        {
                            "player": "7. James Milner",
                            "additional": "3",
                            "card": "yellow",
                            "minute": "90"
                        }
                    ],
                    "referee": "Andre Marriner",
                    "kick_off": "16:00"
                },
                "away_team": "Man City",
                "score": "4-3",
                "home_team": "Liverpool",
                "url": "https://www.premierleague.com/match/22566"
            }
        ],
        "date": "Sunday 14 January 2018"
    }
]