[
    {
        "fixtures": [
            {
                "details": {
                    "substitutions": [
                        {
                            "minute": "45",
                            "in": "5. Kevin Wimmer",
                            "out": "12. Josh Tymon"
                        },
                        {
                            "minute": "61",
                            "in": "32. Ramadan Sobhi",
                            "out": "10. Eric Maxim Choupo-Moting"
                        },
                        {
                            "minute": "70",
                            "in": "18. Mame Biram Diouf",
                            "out": "25. Peter Crouch"
                        },
                        {
                            "minute": "80",
                            "in": "27. Marouane Fellaini",
                            "out": "14. Jesse Lingard"
                        },
                        {
                            "minute": "80",
                            "in": "19. Marcus Rashford",
                            "out": "11. Anthony Martial"
                        },
                        {
                            "minute": "83",
                            "in": "39. Scott McTominay",
                            "out": "8. Juan Mata"
                        }
                    ],
                    "goals": [
                        {
                            "own_goal": "false",
                            "assist": "Paul Pogba",
                            "scorer": "25. Antonio Valencia",
                            "minute": "9"
                        },
                        {
                            "own_goal": "false",
                            "assist": "Paul Pogba",
                            "scorer": "11. Anthony Martial",
                            "minute": "38"
                        },
                        {
                            "own_goal": "false",
                            "assist": "Anthony Martial",
                            "scorer": "9. Romelu Lukaku",
                            "minute": "72"
                        }
                    ],
                    "cards": [
                        {
                            "player": "14. Jesse Lingard",
                            "card": "yellow",
                            "minute": "63"
                        },
                        {
                            "player": "9. Romelu Lukaku",
                            "card": "yellow",
                            "minute": "67"
                        },
                        {
                            "player": "7. Stephen Ireland",
                            "card": "yellow",
                            "minute": "68"
                        }
                    ],
                    "referee": "Anthony Taylor",
                    "kick_off": "20:00"
                },
                "away_team": "Stoke",
                "score": "3-0",
                "home_team": "Man Utd",
                "url": "https://www.premierleague.com/match/22567"
            }
        ],
        "date": "Monday 15 January 2018"
    }
]