[
    {
        "fixtures": [
            {
                "details": {
                    "substitutions": [
                        {
                            "minute": "64",
                            "in": "17. Ayoze Pérez",
                            "out": "30. Christian Atsu"
                        },
                        {
                            "minute": "66",
                            "in": "22. DeAndre Yedlin",
                            "out": "19. Javier Manquillo"
                        },
                        {
                            "minute": "76",
                            "in": "9. Dwight Gayle",
                            "out": "21. Joselu"
                        },
                        {
                            "minute": "86",
                            "in": "20. Bernardo Silva",
                            "out": "7. Raheem Sterling"
                        },
                        {
                            "minute": "87",
                            "in": "55. Brahim Diaz",
                            "out": "19. Leroy Sané"
                        }
                    ],
                    "goals": [
                        {
                            "own_goal": "false",
                            "assist": "Kevin De Bruyne",
                            "scorer": "10. Sergio Agüero",
                            "minute": "34"
                        },
                        {
                            "own_goal": "false",
                            "assist": "Ciaran Clark",
                            "scorer": "7. Jacob Murphy",
                            "minute": "67"
                        },
                        {
                            "own_goal": "false",
                            "assist": "Leroy Sané",
                            "scorer": "10. Sergio Agüero",
                            "minute": "83"
                        }
                    ],
                    "cards": [
                        {
                            "player": "2. Ciaran Clark",
                            "card": "yellow",
                            "minute": "78"
                        }
                    ],
                    "referee": "Paul Tierney",
                    "kick_off": "17:30"
                },
                "away_team": "Newcastle",
                "score": "3-1",
                "home_team": "Man City",
                "url": "https://www.premierleague.com/match/22577"
            },
            {
                "details": {
                    "substitutions": [
                        {
                            "minute": "64",
                            "in": "17. Ayoze Pérez",
                            "out": "30. Christian Atsu"
                        },
                        {
                            "minute": "66",
                            "in": "22. DeAndre Yedlin",
                            "out": "19. Javier Manquillo"
                        },
                        {
                            "minute": "76",
                            "in": "9. Dwight Gayle",
                            "out": "21. Joselu"
                        },
                        {
                            "minute": "86",
                            "in": "20. Bernardo Silva",
                            "out": "7. Raheem Sterling"
                        },
                        {
                            "minute": "87",
                            "in": "55. Brahim Diaz",
                            "out": "19. Leroy Sané"
                        }
                    ],
                    "goals": [
                        {
                            "own_goal": "false",
                            "assist": "Kevin De Bruyne",
                            "scorer": "10. Sergio Agüero",
                            "minute": "34"
                        },
                        {
                            "own_goal": "false",
                            "assist": "Ciaran Clark",
                            "scorer": "7. Jacob Murphy",
                            "minute": "67"
                        },
                        {
                            "own_goal": "false",
                            "assist": "Leroy Sané",
                            "scorer": "10. Sergio Agüero",
                            "minute": "83"
                        }
                    ],
                    "cards": [
                        {
                            "player": "2. Ciaran Clark",
                            "card": "yellow",
                            "minute": "78"
                        }
                    ],
                    "referee": "Paul Tierney",
                    "kick_off": "17:30"
                },
                "away_team": "Newcastle",
                "score": "3-1",
                "home_team": "Man City",
                "url": "https://www.premierleague.com/match/22577"
            },
            {
                "details": {
                    "substitutions": [
                        {
                            "minute": "64",
                            "in": "17. Ayoze Pérez",
                            "out": "30. Christian Atsu"
                        },
                        {
                            "minute": "66",
                            "in": "22. DeAndre Yedlin",
                            "out": "19. Javier Manquillo"
                        },
                        {
                            "minute": "76",
                            "in": "9. Dwight Gayle",
                            "out": "21. Joselu"
                        },
                        {
                            "minute": "86",
                            "in": "20. Bernardo Silva",
                            "out": "7. Raheem Sterling"
                        },
                        {
                            "minute": "87",
                            "in": "55. Brahim Diaz",
                            "out": "19. Leroy Sané"
                        }
                    ],
                    "goals": [
                        {
                            "own_goal": "false",
                            "assist": "Kevin De Bruyne",
                            "scorer": "10. Sergio Agüero",
                            "minute": "34"
                        },
                        {
                            "own_goal": "false",
                            "assist": "Ciaran Clark",
                            "scorer": "7. Jacob Murphy",
                            "minute": "67"
                        },
                        {
                            "own_goal": "false",
                            "assist": "Leroy Sané",
                            "scorer": "10. Sergio Agüero",
                            "minute": "83"
                        }
                    ],
                    "cards": [
                        {
                            "player": "2. Ciaran Clark",
                            "card": "yellow",
                            "minute": "78"
                        }
                    ],
                    "referee": "Paul Tierney",
                    "kick_off": "17:30"
                },
                "away_team": "Newcastle",
                "score": "3-1",
                "home_team": "Man City",
                "url": "https://www.premierleague.com/match/22577"
            },
            {
                "details": {
                    "substitutions": [
                        {
                            "minute": "64",
                            "in": "17. Ayoze Pérez",
                            "out": "30. Christian Atsu"
                        },
                        {
                            "minute": "66",
                            "in": "22. DeAndre Yedlin",
                            "out": "19. Javier Manquillo"
                        },
                        {
                            "minute": "76",
                            "in": "9. Dwight Gayle",
                            "out": "21. Joselu"
                        },
                        {
                            "minute": "86",
                            "in": "20. Bernardo Silva",
                            "out": "7. Raheem Sterling"
                        },
                        {
                            "minute": "87",
                            "in": "55. Brahim Diaz",
                            "out": "19. Leroy Sané"
                        }
                    ],
                    "goals": [
                        {
                            "own_goal": "false",
                            "assist": "Kevin De Bruyne",
                            "scorer": "10. Sergio Agüero",
                            "minute": "34"
                        },
                        {
                            "own_goal": "false",
                            "assist": "Ciaran Clark",
                            "scorer": "7. Jacob Murphy",
                            "minute": "67"
                        },
                        {
                            "own_goal": "false",
                            "assist": "Leroy Sané",
                            "scorer": "10. Sergio Agüero",
                            "minute": "83"
                        }
                    ],
                    "cards": [
                        {
                            "player": "2. Ciaran Clark",
                            "card": "yellow",
                            "minute": "78"
                        }
                    ],
                    "referee": "Paul Tierney",
                    "kick_off": "17:30"
                },
                "away_team": "Newcastle",
                "score": "3-1",
                "home_team": "Man City",
                "url": "https://www.premierleague.com/match/22577"
            },
            {
                "details": {
                    "substitutions": [
                        {
                            "minute": "64",
                            "in": "17. Ayoze Pérez",
                            "out": "30. Christian Atsu"
                        },
                        {
                            "minute": "66",
                            "in": "22. DeAndre Yedlin",
                            "out": "19. Javier Manquillo"
                        },
                        {
                            "minute": "76",
                            "in": "9. Dwight Gayle",
                            "out": "21. Joselu"
                        },
                        {
                            "minute": "86",
                            "in": "20. Bernardo Silva",
                            "out": "7. Raheem Sterling"
                        },
                        {
                            "minute": "87",
                            "in": "55. Brahim Diaz",
                            "out": "19. Leroy Sané"
                        }
                    ],
                    "goals": [
                        {
                            "own_goal": "false",
                            "assist": "Kevin De Bruyne",
                            "scorer": "10. Sergio Agüero",
                            "minute": "34"
                        },
                        {
                            "own_goal": "false",
                            "assist": "Ciaran Clark",
                            "scorer": "7. Jacob Murphy",
                            "minute": "67"
                        },
                        {
                            "own_goal": "false",
                            "assist": "Leroy Sané",
                            "scorer": "10. Sergio Agüero",
                            "minute": "83"
                        }
                    ],
                    "cards": [
                        {
                            "player": "2. Ciaran Clark",
                            "card": "yellow",
                            "minute": "78"
                        }
                    ],
                    "referee": "Paul Tierney",
                    "kick_off": "17:30"
                },
                "away_team": "Newcastle",
                "score": "3-1",
                "home_team": "Man City",
                "url": "https://www.premierleague.com/match/22577"
            },
            {
                "details": {
                    "substitutions": [
                        {
                            "minute": "64",
                            "in": "17. Ayoze Pérez",
                            "out": "30. Christian Atsu"
                        },
                        {
                            "minute": "66",
                            "in": "22. DeAndre Yedlin",
                            "out": "19. Javier Manquillo"
                        },
                        {
                            "minute": "76",
                            "in": "9. Dwight Gayle",
                            "out": "21. Joselu"
                        },
                        {
                            "minute": "86",
                            "in": "20. Bernardo Silva",
                            "out": "7. Raheem Sterling"
                        },
                        {
                            "minute": "87",
                            "in": "55. Brahim Diaz",
                            "out": "19. Leroy Sané"
                        }
                    ],
                    "goals": [
                        {
                            "own_goal": "false",
                            "assist": "Kevin De Bruyne",
                            "scorer": "10. Sergio Agüero",
                            "minute": "34"
                        },
                        {
                            "own_goal": "false",
                            "assist": "Ciaran Clark",
                            "scorer": "7. Jacob Murphy",
                            "minute": "67"
                        },
                        {
                            "own_goal": "false",
                            "assist": "Leroy Sané",
                            "scorer": "10. Sergio Agüero",
                            "minute": "83"
                        }
                    ],
                    "cards": [
                        {
                            "player": "2. Ciaran Clark",
                            "card": "yellow",
                            "minute": "78"
                        }
                    ],
                    "referee": "Paul Tierney",
                    "kick_off": "17:30"
                },
                "away_team": "Newcastle",
                "score": "3-1",
                "home_team": "Man City",
                "url": "https://www.premierleague.com/match/22577"
            },
            {
                "details": {
                    "substitutions": [
                        {
                            "minute": "64",
                            "in": "17. Ayoze Pérez",
                            "out": "30. Christian Atsu"
                        },
                        {
                            "minute": "66",
                            "in": "22. DeAndre Yedlin",
                            "out": "19. Javier Manquillo"
                        },
                        {
                            "minute": "76",
                            "in": "9. Dwight Gayle",
                            "out": "21. Joselu"
                        },
                        {
                            "minute": "86",
                            "in": "20. Bernardo Silva",
                            "out": "7. Raheem Sterling"
                        },
                        {
                            "minute": "87",
                            "in": "55. Brahim Diaz",
                            "out": "19. Leroy Sané"
                        }
                    ],
                    "goals": [
                        {
                            "own_goal": "false",
                            "assist": "Kevin De Bruyne",
                            "scorer": "10. Sergio Agüero",
                            "minute": "34"
                        },
                        {
                            "own_goal": "false",
                            "assist": "Ciaran Clark",
                            "scorer": "7. Jacob Murphy",
                            "minute": "67"
                        },
                        {
                            "own_goal": "false",
                            "assist": "Leroy Sané",
                            "scorer": "10. Sergio Agüero",
                            "minute": "83"
                        }
                    ],
                    "cards": [
                        {
                            "player": "2. Ciaran Clark",
                            "card": "yellow",
                            "minute": "78"
                        }
                    ],
                    "referee": "Paul Tierney",
                    "kick_off": "17:30"
                },
                "away_team": "Newcastle",
                "score": "3-1",
                "home_team": "Man City",
                "url": "https://www.premierleague.com/match/22577"
            },
            {
                "details": {
                    "substitutions": [
                        {
                            "minute": "64",
                            "in": "17. Ayoze Pérez",
                            "out": "30. Christian Atsu"
                        },
                        {
                            "minute": "66",
                            "in": "22. DeAndre Yedlin",
                            "out": "19. Javier Manquillo"
                        },
                        {
                            "minute": "76",
                            "in": "9. Dwight Gayle",
                            "out": "21. Joselu"
                        },
                        {
                            "minute": "86",
                            "in": "20. Bernardo Silva",
                            "out": "7. Raheem Sterling"
                        },
                        {
                            "minute": "87",
                            "in": "55. Brahim Diaz",
                            "out": "19. Leroy Sané"
                        }
                    ],
                    "goals": [
                        {
                            "own_goal": "false",
                            "assist": "Kevin De Bruyne",
                            "scorer": "10. Sergio Agüero",
                            "minute": "34"
                        },
                        {
                            "own_goal": "false",
                            "assist": "Ciaran Clark",
                            "scorer": "7. Jacob Murphy",
                            "minute": "67"
                        },
                        {
                            "own_goal": "false",
                            "assist": "Leroy Sané",
                            "scorer": "10. Sergio Agüero",
                            "minute": "83"
                        }
                    ],
                    "cards": [
                        {
                            "player": "2. Ciaran Clark",
                            "card": "yellow",
                            "minute": "78"
                        }
                    ],
                    "referee": "Paul Tierney",
                    "kick_off": "17:30"
                },
                "away_team": "Newcastle",
                "score": "3-1",
                "home_team": "Man City",
                "url": "https://www.premierleague.com/match/22577"
            }
        ],
        "date": "Saturday 20 January 2018"
    }
]