[
    {
        "fixtures": [
            {
                "details": {
                    "substitutions": [
                        {
                            "minute": "65",
                            "in": "19. Sofiane Boufal",
                            "out": "23. Pierre-Emile Højbjerg"
                        },
                        {
                            "minute": "70",
                            "in": "11. Erik Lamela",
                            "out": "7. Son Heung-Min"
                        },
                        {
                            "minute": "72",
                            "in": "2. Kieran Trippier",
                            "out": "24. Serge Aurier"
                        },
                        {
                            "minute": "80",
                            "in": "8. Steven Davis",
                            "out": "18. Mario Lemina"
                        },
                        {
                            "minute": "82",
                            "in": "61. Michael Obafemi",
                            "out": "20. Manolo Gabbiadini"
                        },
                        {
                            "minute": "85",
                            "in": "12. Victor Wanyama",
                            "out": "19. Mousa Dembélé"
                        }
                    ],
                    "goals": [
                        {
                            "own_goal": "true",
                            "scorer": "6. Davinson Sánchez",
                            "minute": "15"
                        },
                        {
                            "own_goal": "false",
                            "assist": "Ben Davies",
                            "scorer": "10. Harry Kane",
                            "minute": "18"
                        }
                    ],
                    "cards": [
                        {
                            "player": "5. Jack Stephens",
                            "card": "yellow",
                            "minute": "48"
                        },
                        {
                            "player": "17. Moussa Sissoko",
                            "card": "yellow",
                            "minute": "57"
                        },
                        {
                            "player": "14. Oriol Romeu",
                            "card": "yellow",
                            "minute": "60"
                        },
                        {
                            "player": "19. Mousa Dembélé",
                            "card": "yellow",
                            "minute": "75"
                        },
                        {
                            "player": "2. Kieran Trippier",
                            "card": "yellow",
                            "minute": "78"
                        }
                    ],
                    "referee": "Kevin Friend",
                    "kick_off": "16:00"
                },
                "away_team": "Spurs",
                "score": "1-1",
                "home_team": "Southampton",
                "url": "https://www.premierleague.com/match/22578"
            }
        ],
        "date": "Sunday 21 January 2018"
    }
]