[
    {
        "fixtures": [
            {
                "details": {
                    "substitutions": [
                        {
                            "minute": "63",
                            "in": "23. Collin Quaner",
                            "out": "24. Steve Mounie"
                        },
                        {
                            "minute": "79",
                            "in": "22. Tom Ince",
                            "out": "15. Chris Löwe"
                        },
                        {
                            "minute": "79",
                            "in": "17. Rajiv van La Parra",
                            "out": "10. Aaron Mooy"
                        },
                        {
                            "minute": "83",
                            "in": "21. Alex Oxlade-Chamberlain",
                            "out": "11. Mohamed Salah"
                        },
                        {
                            "minute": "83",
                            "in": "5. Georginio Wijnaldum",
                            "out": "14. Jordan Henderson"
                        },
                        {
                            "minute": "89",
                            "in": "29. Dominic Solanke",
                            "out": "9. Roberto Firmino"
                        }
                    ],
                    "goals": [
                        {
                            "own_goal": "false",
                            "scorer": "23. Emre Can",
                            "minute": "26"
                        },
                        {
                            "own_goal": "false",
                            "additional": "1",
                            "assist": "Sadio Mané",
                            "scorer": "9. Roberto Firmino",
                            "minute": "45"
                        }
                    ],
                    "cards": [],
                    "referee": "Kevin Friend",
                    "kick_off": "20:00"
                },
                "away_team": "Liverpool",
                "score": "0-3",
                "home_team": "Huddersfield",
                "url": "https://www.premierleague.com/match/22582"
            },
            {
                "details": {
                    "substitutions": [
                        {
                            "minute": "63",
                            "in": "23. Collin Quaner",
                            "out": "24. Steve Mounie"
                        },
                        {
                            "minute": "79",
                            "in": "22. Tom Ince",
                            "out": "15. Chris Löwe"
                        },
                        {
                            "minute": "79",
                            "in": "17. Rajiv van La Parra",
                            "out": "10. Aaron Mooy"
                        },
                        {
                            "minute": "83",
                            "in": "21. Alex Oxlade-Chamberlain",
                            "out": "11. Mohamed Salah"
                        },
                        {
                            "minute": "83",
                            "in": "5. Georginio Wijnaldum",
                            "out": "14. Jordan Henderson"
                        },
                        {
                            "minute": "89",
                            "in": "29. Dominic Solanke",
                            "out": "9. Roberto Firmino"
                        }
                    ],
                    "goals": [
                        {
                            "own_goal": "false",
                            "scorer": "23. Emre Can",
                            "minute": "26"
                        },
                        {
                            "own_goal": "false",
                            "additional": "1",
                            "assist": "Sadio Mané",
                            "scorer": "9. Roberto Firmino",
                            "minute": "45"
                        }
                    ],
                    "cards": [],
                    "referee": "Kevin Friend",
                    "kick_off": "20:00"
                },
                "away_team": "Liverpool",
                "score": "0-3",
                "home_team": "Huddersfield",
                "url": "https://www.premierleague.com/match/22582"
            },
            {
                "details": {
                    "substitutions": [
                        {
                            "minute": "63",
                            "in": "23. Collin Quaner",
                            "out": "24. Steve Mounie"
                        },
                        {
                            "minute": "79",
                            "in": "22. Tom Ince",
                            "out": "15. Chris Löwe"
                        },
                        {
                            "minute": "79",
                            "in": "17. Rajiv van La Parra",
                            "out": "10. Aaron Mooy"
                        },
                        {
                            "minute": "83",
                            "in": "21. Alex Oxlade-Chamberlain",
                            "out": "11. Mohamed Salah"
                        },
                        {
                            "minute": "83",
                            "in": "5. Georginio Wijnaldum",
                            "out": "14. Jordan Henderson"
                        },
                        {
                            "minute": "89",
                            "in": "29. Dominic Solanke",
                            "out": "9. Roberto Firmino"
                        }
                    ],
                    "goals": [
                        {
                            "own_goal": "false",
                            "scorer": "23. Emre Can",
                            "minute": "26"
                        },
                        {
                            "own_goal": "false",
                            "additional": "1",
                            "assist": "Sadio Mané",
                            "scorer": "9. Roberto Firmino",
                            "minute": "45"
                        }
                    ],
                    "cards": [],
                    "referee": "Kevin Friend",
                    "kick_off": "20:00"
                },
                "away_team": "Liverpool",
                "score": "0-3",
                "home_team": "Huddersfield",
                "url": "https://www.premierleague.com/match/22582"
            }
        ],
        "date": "Tuesday 30 January 2018"
    }
]