[
    {
        "fixtures": [
            {
                "details": {
                    "substitutions": [
                        {
                            "minute": "45",
                            "in": "9. Saido Berahino",
                            "out": "24. Darren Fletcher"
                        },
                        {
                            "minute": "62",
                            "in": "11. Jesé",
                            "out": "10. Eric Maxim Choupo-Moting"
                        },
                        {
                            "minute": "71",
                            "in": "16. Leonardo Ulloa",
                            "out": "17. Glenn Murray"
                        },
                        {
                            "minute": "79",
                            "in": "16. Charlie Adam",
                            "out": "27. Badou Ndiaye"
                        },
                        {
                            "minute": "79",
                            "in": "7. Beram Kayal",
                            "out": "13. Pascal Groß"
                        },
                        {
                            "minute": "86",
                            "in": "11. Anthony Knockaert",
                            "out": "20. Solly March"
                        }
                    ],
                    "goals": [
                        {
                            "own_goal": "false",
                            "assist": "Dale Stephens",
                            "scorer": "19. José Izquierdo",
                            "minute": "32"
                        },
                        {
                            "own_goal": "false",
                            "assist": "Erik Pieters",
                            "scorer": "22. Xherdan Shaqiri",
                            "minute": "68"
                        }
                    ],
                    "cards": [],
                    "referee": "Robert Madley",
                    "kick_off": "15:00"
                },
                "away_team": "Brighton",
                "score": "1-1",
                "home_team": "Stoke",
                "url": "https://www.premierleague.com/match/22608"
            },
            {
                "details": {
                    "substitutions": [
                        {
                            "minute": "45",
                            "in": "9. Saido Berahino",
                            "out": "24. Darren Fletcher"
                        },
                        {
                            "minute": "62",
                            "in": "11. Jesé",
                            "out": "10. Eric Maxim Choupo-Moting"
                        },
                        {
                            "minute": "71",
                            "in": "16. Leonardo Ulloa",
                            "out": "17. Glenn Murray"
                        },
                        {
                            "minute": "79",
                            "in": "16. Charlie Adam",
                            "out": "27. Badou Ndiaye"
                        },
                        {
                            "minute": "79",
                            "in": "7. Beram Kayal",
                            "out": "13. Pascal Groß"
                        },
                        {
                            "minute": "86",
                            "in": "11. Anthony Knockaert",
                            "out": "20. Solly March"
                        }
                    ],
                    "goals": [
                        {
                            "own_goal": "false",
                            "assist": "Dale Stephens",
                            "scorer": "19. José Izquierdo",
                            "minute": "32"
                        },
                        {
                            "own_goal": "false",
                            "assist": "Erik Pieters",
                            "scorer": "22. Xherdan Shaqiri",
                            "minute": "68"
                        }
                    ],
                    "cards": [],
                    "referee": "Robert Madley",
                    "kick_off": "15:00"
                },
                "away_team": "Brighton",
                "score": "1-1",
                "home_team": "Stoke",
                "url": "https://www.premierleague.com/match/22608"
            },
            {
                "details": {
                    "substitutions": [
                        {
                            "minute": "45",
                            "in": "9. Saido Berahino",
                            "out": "24. Darren Fletcher"
                        },
                        {
                            "minute": "62",
                            "in": "11. Jesé",
                            "out": "10. Eric Maxim Choupo-Moting"
                        },
                        {
                            "minute": "71",
                            "in": "16. Leonardo Ulloa",
                            "out": "17. Glenn Murray"
                        },
                        {
                            "minute": "79",
                            "in": "16. Charlie Adam",
                            "out": "27. Badou Ndiaye"
                        },
                        {
                            "minute": "79",
                            "in": "7. Beram Kayal",
                            "out": "13. Pascal Groß"
                        },
                        {
                            "minute": "86",
                            "in": "11. Anthony Knockaert",
                            "out": "20. Solly March"
                        }
                    ],
                    "goals": [
                        {
                            "own_goal": "false",
                            "assist": "Dale Stephens",
                            "scorer": "19. José Izquierdo",
                            "minute": "32"
                        },
                        {
                            "own_goal": "false",
                            "assist": "Erik Pieters",
                            "scorer": "22. Xherdan Shaqiri",
                            "minute": "68"
                        }
                    ],
                    "cards": [],
                    "referee": "Robert Madley",
                    "kick_off": "15:00"
                },
                "away_team": "Brighton",
                "score": "1-1",
                "home_team": "Stoke",
                "url": "https://www.premierleague.com/match/22608"
            },
            {
                "details": {
                    "substitutions": [
                        {
                            "minute": "45",
                            "in": "9. Saido Berahino",
                            "out": "24. Darren Fletcher"
                        },
                        {
                            "minute": "62",
                            "in": "11. Jesé",
                            "out": "10. Eric Maxim Choupo-Moting"
                        },
                        {
                            "minute": "71",
                            "in": "16. Leonardo Ulloa",
                            "out": "17. Glenn Murray"
                        },
                        {
                            "minute": "79",
                            "in": "16. Charlie Adam",
                            "out": "27. Badou Ndiaye"
                        },
                        {
                            "minute": "79",
                            "in": "7. Beram Kayal",
                            "out": "13. Pascal Groß"
                        },
                        {
                            "minute": "86",
                            "in": "11. Anthony Knockaert",
                            "out": "20. Solly March"
                        }
                    ],
                    "goals": [
                        {
                            "own_goal": "false",
                            "assist": "Dale Stephens",
                            "scorer": "19. José Izquierdo",
                            "minute": "32"
                        },
                        {
                            "own_goal": "false",
                            "assist": "Erik Pieters",
                            "scorer": "22. Xherdan Shaqiri",
                            "minute": "68"
                        }
                    ],
                    "cards": [],
                    "referee": "Robert Madley",
                    "kick_off": "15:00"
                },
                "away_team": "Brighton",
                "score": "1-1",
                "home_team": "Stoke",
                "url": "https://www.premierleague.com/match/22608"
            },
            {
                "details": {
                    "substitutions": [
                        {
                            "minute": "45",
                            "in": "9. Saido Berahino",
                            "out": "24. Darren Fletcher"
                        },
                        {
                            "minute": "62",
                            "in": "11. Jesé",
                            "out": "10. Eric Maxim Choupo-Moting"
                        },
                        {
                            "minute": "71",
                            "in": "16. Leonardo Ulloa",
                            "out": "17. Glenn Murray"
                        },
                        {
                            "minute": "79",
                            "in": "16. Charlie Adam",
                            "out": "27. Badou Ndiaye"
                        },
                        {
                            "minute": "79",
                            "in": "7. Beram Kayal",
                            "out": "13. Pascal Groß"
                        },
                        {
                            "minute": "86",
                            "in": "11. Anthony Knockaert",
                            "out": "20. Solly March"
                        }
                    ],
                    "goals": [
                        {
                            "own_goal": "false",
                            "assist": "Dale Stephens",
                            "scorer": "19. José Izquierdo",
                            "minute": "32"
                        },
                        {
                            "own_goal": "false",
                            "assist": "Erik Pieters",
                            "scorer": "22. Xherdan Shaqiri",
                            "minute": "68"
                        }
                    ],
                    "cards": [],
                    "referee": "Robert Madley",
                    "kick_off": "15:00"
                },
                "away_team": "Brighton",
                "score": "1-1",
                "home_team": "Stoke",
                "url": "https://www.premierleague.com/match/22608"
            },
            {
                "details": {
                    "substitutions": [
                        {
                            "minute": "45",
                            "in": "9. Saido Berahino",
                            "out": "24. Darren Fletcher"
                        },
                        {
                            "minute": "62",
                            "in": "11. Jesé",
                            "out": "10. Eric Maxim Choupo-Moting"
                        },
                        {
                            "minute": "71",
                            "in": "16. Leonardo Ulloa",
                            "out": "17. Glenn Murray"
                        },
                        {
                            "minute": "79",
                            "in": "16. Charlie Adam",
                            "out": "27. Badou Ndiaye"
                        },
                        {
                            "minute": "79",
                            "in": "7. Beram Kayal",
                            "out": "13. Pascal Groß"
                        },
                        {
                            "minute": "86",
                            "in": "11. Anthony Knockaert",
                            "out": "20. Solly March"
                        }
                    ],
                    "goals": [
                        {
                            "own_goal": "false",
                            "assist": "Dale Stephens",
                            "scorer": "19. José Izquierdo",
                            "minute": "32"
                        },
                        {
                            "own_goal": "false",
                            "assist": "Erik Pieters",
                            "scorer": "22. Xherdan Shaqiri",
                            "minute": "68"
                        }
                    ],
                    "cards": [],
                    "referee": "Robert Madley",
                    "kick_off": "15:00"
                },
                "away_team": "Brighton",
                "score": "1-1",
                "home_team": "Stoke",
                "url": "https://www.premierleague.com/match/22608"
            }
        ],
        "date": "Saturday 10 February 2018"
    }
]