[
    {
        "fixtures": [
            {
                "details": {
                    "substitutions": [
                        {
                            "minute": "33",
                            "in": "18. Gareth Barry",
                            "out": "20. Grzegorz Krychowiak"
                        },
                        {
                            "minute": "39",
                            "in": "8. Ilkay Gündogan",
                            "out": "21. David Silva"
                        },
                        {
                            "minute": "55",
                            "in": "10. Matt Phillips",
                            "out": "28. Sam Field"
                        },
                        {
                            "minute": "78",
                            "in": "55. Brahim Diaz",
                            "out": "17. Kevin De Bruyne"
                        },
                        {
                            "minute": "78",
                            "in": "15. Daniel Sturridge",
                            "out": "9. Salomón Rondón"
                        }
                    ],
                    "goals": [
                        {
                            "own_goal": "false",
                            "assist": "Kevin De Bruyne",
                            "scorer": "25. Fernandinho",
                            "minute": "19"
                        },
                        {
                            "own_goal": "false",
                            "assist": "Raheem Sterling",
                            "scorer": "17. Kevin De Bruyne",
                            "minute": "68"
                        },
                        {
                            "own_goal": "false",
                            "assist": "Raheem Sterling",
                            "scorer": "10. Sergio Agüero",
                            "minute": "89"
                        }
                    ],
                    "cards": [
                        {
                            "player": "21. David Silva",
                            "card": "yellow",
                            "minute": "32"
                        },
                        {
                            "player": "14. James McClean",
                            "card": "yellow",
                            "minute": "68"
                        },
                        {
                            "player": "9. Salomón Rondón",
                            "card": "yellow",
                            "minute": "75"
                        },
                        {
                            "player": "10. Matt Phillips",
                            "card": "yellow",
                            "minute": "85"
                        }
                    ],
                    "referee": "Robert Madley",
                    "kick_off": "20:00"
                },
                "away_team": "West Brom",
                "score": "3-0",
                "home_team": "Man City",
                "url": "https://www.premierleague.com/match/22587"
            },
            {
                "details": {
                    "substitutions": [
                        {
                            "minute": "33",
                            "in": "18. Gareth Barry",
                            "out": "20. Grzegorz Krychowiak"
                        },
                        {
                            "minute": "39",
                            "in": "8. Ilkay Gündogan",
                            "out": "21. David Silva"
                        },
                        {
                            "minute": "55",
                            "in": "10. Matt Phillips",
                            "out": "28. Sam Field"
                        },
                        {
                            "minute": "78",
                            "in": "55. Brahim Diaz",
                            "out": "17. Kevin De Bruyne"
                        },
                        {
                            "minute": "78",
                            "in": "15. Daniel Sturridge",
                            "out": "9. Salomón Rondón"
                        }
                    ],
                    "goals": [
                        {
                            "own_goal": "false",
                            "assist": "Kevin De Bruyne",
                            "scorer": "25. Fernandinho",
                            "minute": "19"
                        },
                        {
                            "own_goal": "false",
                            "assist": "Raheem Sterling",
                            "scorer": "17. Kevin De Bruyne",
                            "minute": "68"
                        },
                        {
                            "own_goal": "false",
                            "assist": "Raheem Sterling",
                            "scorer": "10. Sergio Agüero",
                            "minute": "89"
                        }
                    ],
                    "cards": [
                        {
                            "player": "21. David Silva",
                            "card": "yellow",
                            "minute": "32"
                        },
                        {
                            "player": "14. James McClean",
                            "card": "yellow",
                            "minute": "68"
                        },
                        {
                            "player": "9. Salomón Rondón",
                            "card": "yellow",
                            "minute": "75"
                        },
                        {
                            "player": "10. Matt Phillips",
                            "card": "yellow",
                            "minute": "85"
                        }
                    ],
                    "referee": "Robert Madley",
                    "kick_off": "20:00"
                },
                "away_team": "West Brom",
                "score": "3-0",
                "home_team": "Man City",
                "url": "https://www.premierleague.com/match/22587"
            },
            {
                "details": {
                    "substitutions": [
                        {
                            "minute": "33",
                            "in": "18. Gareth Barry",
                            "out": "20. Grzegorz Krychowiak"
                        },
                        {
                            "minute": "39",
                            "in": "8. Ilkay Gündogan",
                            "out": "21. David Silva"
                        },
                        {
                            "minute": "55",
                            "in": "10. Matt Phillips",
                            "out": "28. Sam Field"
                        },
                        {
                            "minute": "78",
                            "in": "55. Brahim Diaz",
                            "out": "17. Kevin De Bruyne"
                        },
                        {
                            "minute": "78",
                            "in": "15. Daniel Sturridge",
                            "out": "9. Salomón Rondón"
                        }
                    ],
                    "goals": [
                        {
                            "own_goal": "false",
                            "assist": "Kevin De Bruyne",
                            "scorer": "25. Fernandinho",
                            "minute": "19"
                        },
                        {
                            "own_goal": "false",
                            "assist": "Raheem Sterling",
                            "scorer": "17. Kevin De Bruyne",
                            "minute": "68"
                        },
                        {
                            "own_goal": "false",
                            "assist": "Raheem Sterling",
                            "scorer": "10. Sergio Agüero",
                            "minute": "89"
                        }
                    ],
                    "cards": [
                        {
                            "player": "21. David Silva",
                            "card": "yellow",
                            "minute": "32"
                        },
                        {
                            "player": "14. James McClean",
                            "card": "yellow",
                            "minute": "68"
                        },
                        {
                            "player": "9. Salomón Rondón",
                            "card": "yellow",
                            "minute": "75"
                        },
                        {
                            "player": "10. Matt Phillips",
                            "card": "yellow",
                            "minute": "85"
                        }
                    ],
                    "referee": "Robert Madley",
                    "kick_off": "20:00"
                },
                "away_team": "West Brom",
                "score": "3-0",
                "home_team": "Man City",
                "url": "https://www.premierleague.com/match/22587"
            },
            {
                "details": {
                    "substitutions": [
                        {
                            "minute": "33",
                            "in": "18. Gareth Barry",
                            "out": "20. Grzegorz Krychowiak"
                        },
                        {
                            "minute": "39",
                            "in": "8. Ilkay Gündogan",
                            "out": "21. David Silva"
                        },
                        {
                            "minute": "55",
                            "in": "10. Matt Phillips",
                            "out": "28. Sam Field"
                        },
                        {
                            "minute": "78",
                            "in": "55. Brahim Diaz",
                            "out": "17. Kevin De Bruyne"
                        },
                        {
                            "minute": "78",
                            "in": "15. Daniel Sturridge",
                            "out": "9. Salomón Rondón"
                        }
                    ],
                    "goals": [
                        {
                            "own_goal": "false",
                            "assist": "Kevin De Bruyne",
                            "scorer": "25. Fernandinho",
                            "minute": "19"
                        },
                        {
                            "own_goal": "false",
                            "assist": "Raheem Sterling",
                            "scorer": "17. Kevin De Bruyne",
                            "minute": "68"
                        },
                        {
                            "own_goal": "false",
                            "assist": "Raheem Sterling",
                            "scorer": "10. Sergio Agüero",
                            "minute": "89"
                        }
                    ],
                    "cards": [
                        {
                            "player": "21. David Silva",
                            "card": "yellow",
                            "minute": "32"
                        },
                        {
                            "player": "14. James McClean",
                            "card": "yellow",
                            "minute": "68"
                        },
                        {
                            "player": "9. Salomón Rondón",
                            "card": "yellow",
                            "minute": "75"
                        },
                        {
                            "player": "10. Matt Phillips",
                            "card": "yellow",
                            "minute": "85"
                        }
                    ],
                    "referee": "Robert Madley",
                    "kick_off": "20:00"
                },
                "away_team": "West Brom",
                "score": "3-0",
                "home_team": "Man City",
                "url": "https://www.premierleague.com/match/22587"
            },
            {
                "details": {
                    "substitutions": [
                        {
                            "minute": "33",
                            "in": "18. Gareth Barry",
                            "out": "20. Grzegorz Krychowiak"
                        },
                        {
                            "minute": "39",
                            "in": "8. Ilkay Gündogan",
                            "out": "21. David Silva"
                        },
                        {
                            "minute": "55",
                            "in": "10. Matt Phillips",
                            "out": "28. Sam Field"
                        },
                        {
                            "minute": "78",
                            "in": "55. Brahim Diaz",
                            "out": "17. Kevin De Bruyne"
                        },
                        {
                            "minute": "78",
                            "in": "15. Daniel Sturridge",
                            "out": "9. Salomón Rondón"
                        }
                    ],
                    "goals": [
                        {
                            "own_goal": "false",
                            "assist": "Kevin De Bruyne",
                            "scorer": "25. Fernandinho",
                            "minute": "19"
                        },
                        {
                            "own_goal": "false",
                            "assist": "Raheem Sterling",
                            "scorer": "17. Kevin De Bruyne",
                            "minute": "68"
                        },
                        {
                            "own_goal": "false",
                            "assist": "Raheem Sterling",
                            "scorer": "10. Sergio Agüero",
                            "minute": "89"
                        }
                    ],
                    "cards": [
                        {
                            "player": "21. David Silva",
                            "card": "yellow",
                            "minute": "32"
                        },
                        {
                            "player": "14. James McClean",
                            "card": "yellow",
                            "minute": "68"
                        },
                        {
                            "player": "9. Salomón Rondón",
                            "card": "yellow",
                            "minute": "75"
                        },
                        {
                            "player": "10. Matt Phillips",
                            "card": "yellow",
                            "minute": "85"
                        }
                    ],
                    "referee": "Robert Madley",
                    "kick_off": "20:00"
                },
                "away_team": "West Brom",
                "score": "3-0",
                "home_team": "Man City",
                "url": "https://www.premierleague.com/match/22587"
            },
            {
                "details": {
                    "substitutions": [
                        {
                            "minute": "33",
                            "in": "18. Gareth Barry",
                            "out": "20. Grzegorz Krychowiak"
                        },
                        {
                            "minute": "39",
                            "in": "8. Ilkay Gündogan",
                            "out": "21. David Silva"
                        },
                        {
                            "minute": "55",
                            "in": "10. Matt Phillips",
                            "out": "28. Sam Field"
                        },
                        {
                            "minute": "78",
                            "in": "55. Brahim Diaz",
                            "out": "17. Kevin De Bruyne"
                        },
                        {
                            "minute": "78",
                            "in": "15. Daniel Sturridge",
                            "out": "9. Salomón Rondón"
                        }
                    ],
                    "goals": [
                        {
                            "own_goal": "false",
                            "assist": "Kevin De Bruyne",
                            "scorer": "25. Fernandinho",
                            "minute": "19"
                        },
                        {
                            "own_goal": "false",
                            "assist": "Raheem Sterling",
                            "scorer": "17. Kevin De Bruyne",
                            "minute": "68"
                        },
                        {
                            "own_goal": "false",
                            "assist": "Raheem Sterling",
                            "scorer": "10. Sergio Agüero",
                            "minute": "89"
                        }
                    ],
                    "cards": [
                        {
                            "player": "21. David Silva",
                            "card": "yellow",
                            "minute": "32"
                        },
                        {
                            "player": "14. James McClean",
                            "card": "yellow",
                            "minute": "68"
                        },
                        {
                            "player": "9. Salomón Rondón",
                            "card": "yellow",
                            "minute": "75"
                        },
                        {
                            "player": "10. Matt Phillips",
                            "card": "yellow",
                            "minute": "85"
                        }
                    ],
                    "referee": "Robert Madley",
                    "kick_off": "20:00"
                },
                "away_team": "West Brom",
                "score": "3-0",
                "home_team": "Man City",
                "url": "https://www.premierleague.com/match/22587"
            },
            {
                "details": {
                    "substitutions": [
                        {
                            "minute": "33",
                            "in": "18. Gareth Barry",
                            "out": "20. Grzegorz Krychowiak"
                        },
                        {
                            "minute": "39",
                            "in": "8. Ilkay Gündogan",
                            "out": "21. David Silva"
                        },
                        {
                            "minute": "55",
                            "in": "10. Matt Phillips",
                            "out": "28. Sam Field"
                        },
                        {
                            "minute": "78",
                            "in": "55. Brahim Diaz",
                            "out": "17. Kevin De Bruyne"
                        },
                        {
                            "minute": "78",
                            "in": "15. Daniel Sturridge",
                            "out": "9. Salomón Rondón"
                        }
                    ],
                    "goals": [
                        {
                            "own_goal": "false",
                            "assist": "Kevin De Bruyne",
                            "scorer": "25. Fernandinho",
                            "minute": "19"
                        },
                        {
                            "own_goal": "false",
                            "assist": "Raheem Sterling",
                            "scorer": "17. Kevin De Bruyne",
                            "minute": "68"
                        },
                        {
                            "own_goal": "false",
                            "assist": "Raheem Sterling",
                            "scorer": "10. Sergio Agüero",
                            "minute": "89"
                        }
                    ],
                    "cards": [
                        {
                            "player": "21. David Silva",
                            "card": "yellow",
                            "minute": "32"
                        },
                        {
                            "player": "14. James McClean",
                            "card": "yellow",
                            "minute": "68"
                        },
                        {
                            "player": "9. Salomón Rondón",
                            "card": "yellow",
                            "minute": "75"
                        },
                        {
                            "player": "10. Matt Phillips",
                            "card": "yellow",
                            "minute": "85"
                        }
                    ],
                    "referee": "Robert Madley",
                    "kick_off": "20:00"
                },
                "away_team": "West Brom",
                "score": "3-0",
                "home_team": "Man City",
                "url": "https://www.premierleague.com/match/22587"
            }
        ],
        "date": "Wednesday 31 January 2018"
    }
]