[
    {
        "fixtures": [
            {
                "details": {
                    "substitutions": [
                        {
                            "minute": "57",
                            "in": "19. Sofiane Boufal",
                            "out": "18. Mario Lemina"
                        },
                        {
                            "minute": "60",
                            "in": "7. James Milner",
                            "out": "21. Alex Oxlade-Chamberlain"
                        },
                        {
                            "minute": "71",
                            "in": "7. Shane Long",
                            "out": "16. James Ward-Prowse"
                        },
                        {
                            "minute": "79",
                            "in": "20. Adam Lallana",
                            "out": "9. Roberto Firmino"
                        },
                        {
                            "minute": "80",
                            "in": "8. Steven Davis",
                            "out": "14. Oriol Romeu"
                        },
                        {
                            "minute": "89",
                            "in": "6. Dejan Lovren",
                            "out": "11. Mohamed Salah"
                        }
                    ],
                    "goals": [
                        {
                            "own_goal": "false",
                            "assist": "Mohamed Salah",
                            "scorer": "9. Roberto Firmino",
                            "minute": "6"
                        },
                        {
                            "own_goal": "false",
                            "assist": "Roberto Firmino",
                            "scorer": "11. Mohamed Salah",
                            "minute": "42"
                        }
                    ],
                    "cards": [
                        {
                            "player": "32. Joel Matip",
                            "card": "yellow",
                            "minute": "37"
                        },
                        {
                            "player": "23. Emre Can",
                            "card": "yellow",
                            "minute": "47"
                        },
                        {
                            "player": "14. Oriol Romeu",
                            "card": "yellow",
                            "minute": "62"
                        }
                    ],
                    "referee": "Martin Atkinson",
                    "kick_off": "16:30"
                },
                "away_team": "Liverpool",
                "score": "0-2",
                "home_team": "Southampton",
                "url": "https://www.premierleague.com/match/22607"
            },
            {
                "details": {
                    "substitutions": [
                        {
                            "minute": "57",
                            "in": "19. Sofiane Boufal",
                            "out": "18. Mario Lemina"
                        },
                        {
                            "minute": "60",
                            "in": "7. James Milner",
                            "out": "21. Alex Oxlade-Chamberlain"
                        },
                        {
                            "minute": "71",
                            "in": "7. Shane Long",
                            "out": "16. James Ward-Prowse"
                        },
                        {
                            "minute": "79",
                            "in": "20. Adam Lallana",
                            "out": "9. Roberto Firmino"
                        },
                        {
                            "minute": "80",
                            "in": "8. Steven Davis",
                            "out": "14. Oriol Romeu"
                        },
                        {
                            "minute": "89",
                            "in": "6. Dejan Lovren",
                            "out": "11. Mohamed Salah"
                        }
                    ],
                    "goals": [
                        {
                            "own_goal": "false",
                            "assist": "Mohamed Salah",
                            "scorer": "9. Roberto Firmino",
                            "minute": "6"
                        },
                        {
                            "own_goal": "false",
                            "assist": "Roberto Firmino",
                            "scorer": "11. Mohamed Salah",
                            "minute": "42"
                        }
                    ],
                    "cards": [
                        {
                            "player": "32. Joel Matip",
                            "card": "yellow",
                            "minute": "37"
                        },
                        {
                            "player": "23. Emre Can",
                            "card": "yellow",
                            "minute": "47"
                        },
                        {
                            "player": "14. Oriol Romeu",
                            "card": "yellow",
                            "minute": "62"
                        }
                    ],
                    "referee": "Martin Atkinson",
                    "kick_off": "16:30"
                },
                "away_team": "Liverpool",
                "score": "0-2",
                "home_team": "Southampton",
                "url": "https://www.premierleague.com/match/22607"
            },
            {
                "details": {
                    "substitutions": [
                        {
                            "minute": "57",
                            "in": "19. Sofiane Boufal",
                            "out": "18. Mario Lemina"
                        },
                        {
                            "minute": "60",
                            "in": "7. James Milner",
                            "out": "21. Alex Oxlade-Chamberlain"
                        },
                        {
                            "minute": "71",
                            "in": "7. Shane Long",
                            "out": "16. James Ward-Prowse"
                        },
                        {
                            "minute": "79",
                            "in": "20. Adam Lallana",
                            "out": "9. Roberto Firmino"
                        },
                        {
                            "minute": "80",
                            "in": "8. Steven Davis",
                            "out": "14. Oriol Romeu"
                        },
                        {
                            "minute": "89",
                            "in": "6. Dejan Lovren",
                            "out": "11. Mohamed Salah"
                        }
                    ],
                    "goals": [
                        {
                            "own_goal": "false",
                            "assist": "Mohamed Salah",
                            "scorer": "9. Roberto Firmino",
                            "minute": "6"
                        },
                        {
                            "own_goal": "false",
                            "assist": "Roberto Firmino",
                            "scorer": "11. Mohamed Salah",
                            "minute": "42"
                        }
                    ],
                    "cards": [
                        {
                            "player": "32. Joel Matip",
                            "card": "yellow",
                            "minute": "37"
                        },
                        {
                            "player": "23. Emre Can",
                            "card": "yellow",
                            "minute": "47"
                        },
                        {
                            "player": "14. Oriol Romeu",
                            "card": "yellow",
                            "minute": "62"
                        }
                    ],
                    "referee": "Martin Atkinson",
                    "kick_off": "16:30"
                },
                "away_team": "Liverpool",
                "score": "0-2",
                "home_team": "Southampton",
                "url": "https://www.premierleague.com/match/22607"
            }
        ],
        "date": "Sunday 11 February 2018"
    }
]