[
    {
        "fixtures": [
            {
                "details": {
                    "substitutions": [
                        {
                            "minute": "56",
                            "in": "21. Kiko Femenía",
                            "out": "11. Richarlison"
                        },
                        {
                            "minute": "56",
                            "in": "33. Stefano Okaka",
                            "out": "37. Roberto Pereyra"
                        },
                        {
                            "minute": "57",
                            "in": "14. Cenk Tosun",
                            "out": "19. Oumar Niasse"
                        },
                        {
                            "minute": "63",
                            "in": "28. André Carrillo",
                            "out": "7. Gerard Deulofeu"
                        },
                        {
                            "minute": "82",
                            "in": "7. Yannick Bolasie",
                            "out": "18. Gylfi Sigurdsson"
                        },
                        {
                            "minute": "82",
                            "in": "29. Dominic Calvert-Lewin",
                            "out": "10. Wayne Rooney"
                        }
                    ],
                    "goals": [
                        {
                            "own_goal": "false",
                            "assist": "Stefano Okaka",
                            "scorer": "9. Troy Deeney",
                            "minute": "79"
                        }
                    ],
                    "cards": [
                        {
                            "player": "29. Etienne Capoue",
                            "card": "yellow",
                            "minute": "53"
                        },
                        {
                            "player": "17. Idrissa Gueye",
                            "card": "yellow",
                            "minute": "64"
                        },
                        {
                            "player": "2. Daryl Janmaat",
                            "card": "yellow",
                            "minute": "88"
                        },
                        {
                            "player": "28. André Carrillo",
                            "additional": "2",
                            "card": "yellow",
                            "minute": "90"
                        }
                    ],
                    "referee": "Anthony Taylor",
                    "kick_off": "17:30"
                },
                "away_team": "Everton",
                "score": "1-0",
                "home_team": "Watford",
                "url": "https://www.premierleague.com/match/22620"
            },
            {
                "details": {
                    "substitutions": [
                        {
                            "minute": "56",
                            "in": "21. Kiko Femenía",
                            "out": "11. Richarlison"
                        },
                        {
                            "minute": "56",
                            "in": "33. Stefano Okaka",
                            "out": "37. Roberto Pereyra"
                        },
                        {
                            "minute": "57",
                            "in": "14. Cenk Tosun",
                            "out": "19. Oumar Niasse"
                        },
                        {
                            "minute": "63",
                            "in": "28. André Carrillo",
                            "out": "7. Gerard Deulofeu"
                        },
                        {
                            "minute": "82",
                            "in": "7. Yannick Bolasie",
                            "out": "18. Gylfi Sigurdsson"
                        },
                        {
                            "minute": "82",
                            "in": "29. Dominic Calvert-Lewin",
                            "out": "10. Wayne Rooney"
                        }
                    ],
                    "goals": [
                        {
                            "own_goal": "false",
                            "assist": "Stefano Okaka",
                            "scorer": "9. Troy Deeney",
                            "minute": "79"
                        }
                    ],
                    "cards": [
                        {
                            "player": "29. Etienne Capoue",
                            "card": "yellow",
                            "minute": "53"
                        },
                        {
                            "player": "17. Idrissa Gueye",
                            "card": "yellow",
                            "minute": "64"
                        },
                        {
                            "player": "2. Daryl Janmaat",
                            "card": "yellow",
                            "minute": "88"
                        },
                        {
                            "player": "28. André Carrillo",
                            "additional": "2",
                            "card": "yellow",
                            "minute": "90"
                        }
                    ],
                    "referee": "Anthony Taylor",
                    "kick_off": "17:30"
                },
                "away_team": "Everton",
                "score": "1-0",
                "home_team": "Watford",
                "url": "https://www.premierleague.com/match/22620"
            },
            {
                "details": {
                    "substitutions": [
                        {
                            "minute": "56",
                            "in": "21. Kiko Femenía",
                            "out": "11. Richarlison"
                        },
                        {
                            "minute": "56",
                            "in": "33. Stefano Okaka",
                            "out": "37. Roberto Pereyra"
                        },
                        {
                            "minute": "57",
                            "in": "14. Cenk Tosun",
                            "out": "19. Oumar Niasse"
                        },
                        {
                            "minute": "63",
                            "in": "28. André Carrillo",
                            "out": "7. Gerard Deulofeu"
                        },
                        {
                            "minute": "82",
                            "in": "7. Yannick Bolasie",
                            "out": "18. Gylfi Sigurdsson"
                        },
                        {
                            "minute": "82",
                            "in": "29. Dominic Calvert-Lewin",
                            "out": "10. Wayne Rooney"
                        }
                    ],
                    "goals": [
                        {
                            "own_goal": "false",
                            "assist": "Stefano Okaka",
                            "scorer": "9. Troy Deeney",
                            "minute": "79"
                        }
                    ],
                    "cards": [
                        {
                            "player": "29. Etienne Capoue",
                            "card": "yellow",
                            "minute": "53"
                        },
                        {
                            "player": "17. Idrissa Gueye",
                            "card": "yellow",
                            "minute": "64"
                        },
                        {
                            "player": "2. Daryl Janmaat",
                            "card": "yellow",
                            "minute": "88"
                        },
                        {
                            "player": "28. André Carrillo",
                            "additional": "2",
                            "card": "yellow",
                            "minute": "90"
                        }
                    ],
                    "referee": "Anthony Taylor",
                    "kick_off": "17:30"
                },
                "away_team": "Everton",
                "score": "1-0",
                "home_team": "Watford",
                "url": "https://www.premierleague.com/match/22620"
            },
            {
                "details": {
                    "substitutions": [
                        {
                            "minute": "56",
                            "in": "21. Kiko Femenía",
                            "out": "11. Richarlison"
                        },
                        {
                            "minute": "56",
                            "in": "33. Stefano Okaka",
                            "out": "37. Roberto Pereyra"
                        },
                        {
                            "minute": "57",
                            "in": "14. Cenk Tosun",
                            "out": "19. Oumar Niasse"
                        },
                        {
                            "minute": "63",
                            "in": "28. André Carrillo",
                            "out": "7. Gerard Deulofeu"
                        },
                        {
                            "minute": "82",
                            "in": "7. Yannick Bolasie",
                            "out": "18. Gylfi Sigurdsson"
                        },
                        {
                            "minute": "82",
                            "in": "29. Dominic Calvert-Lewin",
                            "out": "10. Wayne Rooney"
                        }
                    ],
                    "goals": [
                        {
                            "own_goal": "false",
                            "assist": "Stefano Okaka",
                            "scorer": "9. Troy Deeney",
                            "minute": "79"
                        }
                    ],
                    "cards": [
                        {
                            "player": "29. Etienne Capoue",
                            "card": "yellow",
                            "minute": "53"
                        },
                        {
                            "player": "17. Idrissa Gueye",
                            "card": "yellow",
                            "minute": "64"
                        },
                        {
                            "player": "2. Daryl Janmaat",
                            "card": "yellow",
                            "minute": "88"
                        },
                        {
                            "player": "28. André Carrillo",
                            "additional": "2",
                            "card": "yellow",
                            "minute": "90"
                        }
                    ],
                    "referee": "Anthony Taylor",
                    "kick_off": "17:30"
                },
                "away_team": "Everton",
                "score": "1-0",
                "home_team": "Watford",
                "url": "https://www.premierleague.com/match/22620"
            },
            {
                "details": {
                    "substitutions": [
                        {
                            "minute": "56",
                            "in": "21. Kiko Femenía",
                            "out": "11. Richarlison"
                        },
                        {
                            "minute": "56",
                            "in": "33. Stefano Okaka",
                            "out": "37. Roberto Pereyra"
                        },
                        {
                            "minute": "57",
                            "in": "14. Cenk Tosun",
                            "out": "19. Oumar Niasse"
                        },
                        {
                            "minute": "63",
                            "in": "28. André Carrillo",
                            "out": "7. Gerard Deulofeu"
                        },
                        {
                            "minute": "82",
                            "in": "7. Yannick Bolasie",
                            "out": "18. Gylfi Sigurdsson"
                        },
                        {
                            "minute": "82",
                            "in": "29. Dominic Calvert-Lewin",
                            "out": "10. Wayne Rooney"
                        }
                    ],
                    "goals": [
                        {
                            "own_goal": "false",
                            "assist": "Stefano Okaka",
                            "scorer": "9. Troy Deeney",
                            "minute": "79"
                        }
                    ],
                    "cards": [
                        {
                            "player": "29. Etienne Capoue",
                            "card": "yellow",
                            "minute": "53"
                        },
                        {
                            "player": "17. Idrissa Gueye",
                            "card": "yellow",
                            "minute": "64"
                        },
                        {
                            "player": "2. Daryl Janmaat",
                            "card": "yellow",
                            "minute": "88"
                        },
                        {
                            "player": "28. André Carrillo",
                            "additional": "2",
                            "card": "yellow",
                            "minute": "90"
                        }
                    ],
                    "referee": "Anthony Taylor",
                    "kick_off": "17:30"
                },
                "away_team": "Everton",
                "score": "1-0",
                "home_team": "Watford",
                "url": "https://www.premierleague.com/match/22620"
            },
            {
                "details": {
                    "substitutions": [
                        {
                            "minute": "56",
                            "in": "21. Kiko Femenía",
                            "out": "11. Richarlison"
                        },
                        {
                            "minute": "56",
                            "in": "33. Stefano Okaka",
                            "out": "37. Roberto Pereyra"
                        },
                        {
                            "minute": "57",
                            "in": "14. Cenk Tosun",
                            "out": "19. Oumar Niasse"
                        },
                        {
                            "minute": "63",
                            "in": "28. André Carrillo",
                            "out": "7. Gerard Deulofeu"
                        },
                        {
                            "minute": "82",
                            "in": "7. Yannick Bolasie",
                            "out": "18. Gylfi Sigurdsson"
                        },
                        {
                            "minute": "82",
                            "in": "29. Dominic Calvert-Lewin",
                            "out": "10. Wayne Rooney"
                        }
                    ],
                    "goals": [
                        {
                            "own_goal": "false",
                            "assist": "Stefano Okaka",
                            "scorer": "9. Troy Deeney",
                            "minute": "79"
                        }
                    ],
                    "cards": [
                        {
                            "player": "29. Etienne Capoue",
                            "card": "yellow",
                            "minute": "53"
                        },
                        {
                            "player": "17. Idrissa Gueye",
                            "card": "yellow",
                            "minute": "64"
                        },
                        {
                            "player": "2. Daryl Janmaat",
                            "card": "yellow",
                            "minute": "88"
                        },
                        {
                            "player": "28. André Carrillo",
                            "additional": "2",
                            "card": "yellow",
                            "minute": "90"
                        }
                    ],
                    "referee": "Anthony Taylor",
                    "kick_off": "17:30"
                },
                "away_team": "Everton",
                "score": "1-0",
                "home_team": "Watford",
                "url": "https://www.premierleague.com/match/22620"
            },
            {
                "details": {
                    "substitutions": [
                        {
                            "minute": "56",
                            "in": "21. Kiko Femenía",
                            "out": "11. Richarlison"
                        },
                        {
                            "minute": "56",
                            "in": "33. Stefano Okaka",
                            "out": "37. Roberto Pereyra"
                        },
                        {
                            "minute": "57",
                            "in": "14. Cenk Tosun",
                            "out": "19. Oumar Niasse"
                        },
                        {
                            "minute": "63",
                            "in": "28. André Carrillo",
                            "out": "7. Gerard Deulofeu"
                        },
                        {
                            "minute": "82",
                            "in": "7. Yannick Bolasie",
                            "out": "18. Gylfi Sigurdsson"
                        },
                        {
                            "minute": "82",
                            "in": "29. Dominic Calvert-Lewin",
                            "out": "10. Wayne Rooney"
                        }
                    ],
                    "goals": [
                        {
                            "own_goal": "false",
                            "assist": "Stefano Okaka",
                            "scorer": "9. Troy Deeney",
                            "minute": "79"
                        }
                    ],
                    "cards": [
                        {
                            "player": "29. Etienne Capoue",
                            "card": "yellow",
                            "minute": "53"
                        },
                        {
                            "player": "17. Idrissa Gueye",
                            "card": "yellow",
                            "minute": "64"
                        },
                        {
                            "player": "2. Daryl Janmaat",
                            "card": "yellow",
                            "minute": "88"
                        },
                        {
                            "player": "28. André Carrillo",
                            "additional": "2",
                            "card": "yellow",
                            "minute": "90"
                        }
                    ],
                    "referee": "Anthony Taylor",
                    "kick_off": "17:30"
                },
                "away_team": "Everton",
                "score": "1-0",
                "home_team": "Watford",
                "url": "https://www.premierleague.com/match/22620"
            }
        ],
        "date": "Saturday 24 February 2018"
    }
]