[
    {
        "fixtures": [
            {
                "details": {
                    "substitutions": [
                        {
                            "minute": "4",
                            "in": "19. Jay Rodriguez",
                            "out": "15. Daniel Sturridge"
                        },
                        {
                            "minute": "45",
                            "in": "17. Oliver Burke",
                            "out": "11. Chris Brunt"
                        },
                        {
                            "minute": "61",
                            "in": "9. Álvaro Morata",
                            "out": "18. Olivier Giroud"
                        },
                        {
                            "minute": "74",
                            "in": "24. Gary Cahill",
                            "out": "27. Andreas Christensen"
                        },
                        {
                            "minute": "80",
                            "in": "5. Claudio Yacob",
                            "out": "18. Gareth Barry"
                        },
                        {
                            "minute": "80",
                            "in": "22. Willian",
                            "out": "11. Pedro"
                        }
                    ],
                    "goals": [
                        {
                            "own_goal": "false",
                            "assist": "Olivier Giroud",
                            "scorer": "10. Eden Hazard",
                            "minute": "25"
                        },
                        {
                            "own_goal": "false",
                            "scorer": "15. Victor Moses",
                            "minute": "63"
                        },
                        {
                            "own_goal": "false",
                            "assist": "Álvaro Morata",
                            "scorer": "10. Eden Hazard",
                            "minute": "71"
                        }
                    ],
                    "cards": [
                        {
                            "player": "6. Jonny Evans",
                            "additional": "3",
                            "card": "yellow",
                            "minute": "45"
                        },
                        {
                            "player": "3. Kieran Gibbs",
                            "card": "yellow",
                            "minute": "49"
                        }
                    ],
                    "referee": "Lee Mason",
                    "kick_off": "20:00"
                },
                "away_team": "West Brom",
                "score": "3-0",
                "home_team": "Chelsea",
                "url": "https://www.premierleague.com/match/22602"
            }
        ],
        "date": "Monday 12 February 2018"
    }
]