[
    {
        "fixtures": [
            {
                "details": {
                    "substitutions": [
                        {
                            "minute": "66",
                            "in": "21. Joselu",
                            "out": "9. Dwight Gayle"
                        },
                        {
                            "minute": "73",
                            "in": "14. Isaac Hayden",
                            "out": "23. Mikel Merino"
                        },
                        {
                            "minute": "74",
                            "in": "20. Adam Lallana",
                            "out": "19. Sadio Mané"
                        },
                        {
                            "minute": "79",
                            "in": "7. James Milner",
                            "out": "21. Alex Oxlade-Chamberlain"
                        },
                        {
                            "minute": "84",
                            "in": "17. Ayoze Pérez",
                            "out": "7. Jacob Murphy"
                        },
                        {
                            "minute": "88",
                            "in": "32. Joel Matip",
                            "out": "9. Roberto Firmino"
                        }
                    ],
                    "goals": [
                        {
                            "own_goal": "false",
                            "assist": "Alex Oxlade-Chamberlain",
                            "scorer": "11. Mohamed Salah",
                            "minute": "40"
                        },
                        {
                            "own_goal": "false",
                            "assist": "Roberto Firmino",
                            "scorer": "19. Sadio Mané",
                            "minute": "55"
                        }
                    ],
                    "cards": [],
                    "referee": "Graham Scott",
                    "kick_off": "17:30"
                },
                "away_team": "Newcastle",
                "score": "2-0",
                "home_team": "Liverpool",
                "url": "https://www.premierleague.com/match/22626"
            },
            {
                "details": {
                    "substitutions": [
                        {
                            "minute": "66",
                            "in": "21. Joselu",
                            "out": "9. Dwight Gayle"
                        },
                        {
                            "minute": "73",
                            "in": "14. Isaac Hayden",
                            "out": "23. Mikel Merino"
                        },
                        {
                            "minute": "74",
                            "in": "20. Adam Lallana",
                            "out": "19. Sadio Mané"
                        },
                        {
                            "minute": "79",
                            "in": "7. James Milner",
                            "out": "21. Alex Oxlade-Chamberlain"
                        },
                        {
                            "minute": "84",
                            "in": "17. Ayoze Pérez",
                            "out": "7. Jacob Murphy"
                        },
                        {
                            "minute": "88",
                            "in": "32. Joel Matip",
                            "out": "9. Roberto Firmino"
                        }
                    ],
                    "goals": [
                        {
                            "own_goal": "false",
                            "assist": "Alex Oxlade-Chamberlain",
                            "scorer": "11. Mohamed Salah",
                            "minute": "40"
                        },
                        {
                            "own_goal": "false",
                            "assist": "Roberto Firmino",
                            "scorer": "19. Sadio Mané",
                            "minute": "55"
                        }
                    ],
                    "cards": [],
                    "referee": "Graham Scott",
                    "kick_off": "17:30"
                },
                "away_team": "Newcastle",
                "score": "2-0",
                "home_team": "Liverpool",
                "url": "https://www.premierleague.com/match/22626"
            },
            {
                "details": {
                    "substitutions": [
                        {
                            "minute": "66",
                            "in": "21. Joselu",
                            "out": "9. Dwight Gayle"
                        },
                        {
                            "minute": "73",
                            "in": "14. Isaac Hayden",
                            "out": "23. Mikel Merino"
                        },
                        {
                            "minute": "74",
                            "in": "20. Adam Lallana",
                            "out": "19. Sadio Mané"
                        },
                        {
                            "minute": "79",
                            "in": "7. James Milner",
                            "out": "21. Alex Oxlade-Chamberlain"
                        },
                        {
                            "minute": "84",
                            "in": "17. Ayoze Pérez",
                            "out": "7. Jacob Murphy"
                        },
                        {
                            "minute": "88",
                            "in": "32. Joel Matip",
                            "out": "9. Roberto Firmino"
                        }
                    ],
                    "goals": [
                        {
                            "own_goal": "false",
                            "assist": "Alex Oxlade-Chamberlain",
                            "scorer": "11. Mohamed Salah",
                            "minute": "40"
                        },
                        {
                            "own_goal": "false",
                            "assist": "Roberto Firmino",
                            "scorer": "19. Sadio Mané",
                            "minute": "55"
                        }
                    ],
                    "cards": [],
                    "referee": "Graham Scott",
                    "kick_off": "17:30"
                },
                "away_team": "Newcastle",
                "score": "2-0",
                "home_team": "Liverpool",
                "url": "https://www.premierleague.com/match/22626"
            },
            {
                "details": {
                    "substitutions": [
                        {
                            "minute": "66",
                            "in": "21. Joselu",
                            "out": "9. Dwight Gayle"
                        },
                        {
                            "minute": "73",
                            "in": "14. Isaac Hayden",
                            "out": "23. Mikel Merino"
                        },
                        {
                            "minute": "74",
                            "in": "20. Adam Lallana",
                            "out": "19. Sadio Mané"
                        },
                        {
                            "minute": "79",
                            "in": "7. James Milner",
                            "out": "21. Alex Oxlade-Chamberlain"
                        },
                        {
                            "minute": "84",
                            "in": "17. Ayoze Pérez",
                            "out": "7. Jacob Murphy"
                        },
                        {
                            "minute": "88",
                            "in": "32. Joel Matip",
                            "out": "9. Roberto Firmino"
                        }
                    ],
                    "goals": [
                        {
                            "own_goal": "false",
                            "assist": "Alex Oxlade-Chamberlain",
                            "scorer": "11. Mohamed Salah",
                            "minute": "40"
                        },
                        {
                            "own_goal": "false",
                            "assist": "Roberto Firmino",
                            "scorer": "19. Sadio Mané",
                            "minute": "55"
                        }
                    ],
                    "cards": [],
                    "referee": "Graham Scott",
                    "kick_off": "17:30"
                },
                "away_team": "Newcastle",
                "score": "2-0",
                "home_team": "Liverpool",
                "url": "https://www.premierleague.com/match/22626"
            },
            {
                "details": {
                    "substitutions": [
                        {
                            "minute": "66",
                            "in": "21. Joselu",
                            "out": "9. Dwight Gayle"
                        },
                        {
                            "minute": "73",
                            "in": "14. Isaac Hayden",
                            "out": "23. Mikel Merino"
                        },
                        {
                            "minute": "74",
                            "in": "20. Adam Lallana",
                            "out": "19. Sadio Mané"
                        },
                        {
                            "minute": "79",
                            "in": "7. James Milner",
                            "out": "21. Alex Oxlade-Chamberlain"
                        },
                        {
                            "minute": "84",
                            "in": "17. Ayoze Pérez",
                            "out": "7. Jacob Murphy"
                        },
                        {
                            "minute": "88",
                            "in": "32. Joel Matip",
                            "out": "9. Roberto Firmino"
                        }
                    ],
                    "goals": [
                        {
                            "own_goal": "false",
                            "assist": "Alex Oxlade-Chamberlain",
                            "scorer": "11. Mohamed Salah",
                            "minute": "40"
                        },
                        {
                            "own_goal": "false",
                            "assist": "Roberto Firmino",
                            "scorer": "19. Sadio Mané",
                            "minute": "55"
                        }
                    ],
                    "cards": [],
                    "referee": "Graham Scott",
                    "kick_off": "17:30"
                },
                "away_team": "Newcastle",
                "score": "2-0",
                "home_team": "Liverpool",
                "url": "https://www.premierleague.com/match/22626"
            },
            {
                "details": {
                    "substitutions": [
                        {
                            "minute": "66",
                            "in": "21. Joselu",
                            "out": "9. Dwight Gayle"
                        },
                        {
                            "minute": "73",
                            "in": "14. Isaac Hayden",
                            "out": "23. Mikel Merino"
                        },
                        {
                            "minute": "74",
                            "in": "20. Adam Lallana",
                            "out": "19. Sadio Mané"
                        },
                        {
                            "minute": "79",
                            "in": "7. James Milner",
                            "out": "21. Alex Oxlade-Chamberlain"
                        },
                        {
                            "minute": "84",
                            "in": "17. Ayoze Pérez",
                            "out": "7. Jacob Murphy"
                        },
                        {
                            "minute": "88",
                            "in": "32. Joel Matip",
                            "out": "9. Roberto Firmino"
                        }
                    ],
                    "goals": [
                        {
                            "own_goal": "false",
                            "assist": "Alex Oxlade-Chamberlain",
                            "scorer": "11. Mohamed Salah",
                            "minute": "40"
                        },
                        {
                            "own_goal": "false",
                            "assist": "Roberto Firmino",
                            "scorer": "19. Sadio Mané",
                            "minute": "55"
                        }
                    ],
                    "cards": [],
                    "referee": "Graham Scott",
                    "kick_off": "17:30"
                },
                "away_team": "Newcastle",
                "score": "2-0",
                "home_team": "Liverpool",
                "url": "https://www.premierleague.com/match/22626"
            },
            {
                "details": {
                    "substitutions": [
                        {
                            "minute": "66",
                            "in": "21. Joselu",
                            "out": "9. Dwight Gayle"
                        },
                        {
                            "minute": "73",
                            "in": "14. Isaac Hayden",
                            "out": "23. Mikel Merino"
                        },
                        {
                            "minute": "74",
                            "in": "20. Adam Lallana",
                            "out": "19. Sadio Mané"
                        },
                        {
                            "minute": "79",
                            "in": "7. James Milner",
                            "out": "21. Alex Oxlade-Chamberlain"
                        },
                        {
                            "minute": "84",
                            "in": "17. Ayoze Pérez",
                            "out": "7. Jacob Murphy"
                        },
                        {
                            "minute": "88",
                            "in": "32. Joel Matip",
                            "out": "9. Roberto Firmino"
                        }
                    ],
                    "goals": [
                        {
                            "own_goal": "false",
                            "assist": "Alex Oxlade-Chamberlain",
                            "scorer": "11. Mohamed Salah",
                            "minute": "40"
                        },
                        {
                            "own_goal": "false",
                            "assist": "Roberto Firmino",
                            "scorer": "19. Sadio Mané",
                            "minute": "55"
                        }
                    ],
                    "cards": [],
                    "referee": "Graham Scott",
                    "kick_off": "17:30"
                },
                "away_team": "Newcastle",
                "score": "2-0",
                "home_team": "Liverpool",
                "url": "https://www.premierleague.com/match/22626"
            }
        ],
        "date": "Saturday 3 March 2018"
    }
]