[
    {
        "fixtures": [
            {
                "details": {
                    "substitutions": [
                        {
                            "minute": "78",
                            "in": "18. Olivier Giroud",
                            "out": "22. Willian"
                        },
                        {
                            "minute": "82",
                            "in": "33. Emerson",
                            "out": "11. Pedro"
                        },
                        {
                            "minute": "85",
                            "in": "33. Gabriel Jesus",
                            "out": "10. Sergio Agüero"
                        },
                        {
                            "minute": "87",
                            "in": "3. Danilo",
                            "out": "35. Oleksandr Zinchenko"
                        },
                        {
                            "minute": "90",
                            "in": "9. Álvaro Morata",
                            "out": "10. Eden Hazard"
                        },
                        {
                            "minute": "90",
                            "additional": "3",
                            "in": "47. Phil Foden",
                            "out": "21. David Silva"
                        }
                    ],
                    "goals": [
                        {
                            "own_goal": "false",
                            "assist": "David Silva",
                            "scorer": "20. Bernardo Silva",
                            "minute": "46"
                        }
                    ],
                    "cards": [
                        {
                            "player": "35. Oleksandr Zinchenko",
                            "card": "yellow",
                            "minute": "24"
                        },
                        {
                            "player": "8. Ilkay Gündogan",
                            "card": "yellow",
                            "minute": "47"
                        },
                        {
                            "player": "2. Antonio Rüdiger",
                            "card": "yellow",
                            "minute": "57"
                        }
                    ],
                    "referee": "Michael Oliver",
                    "kick_off": "16:00"
                },
                "away_team": "Chelsea",
                "score": "1-0",
                "home_team": "Man City",
                "url": "https://www.premierleague.com/match/22627"
            },
            {
                "details": {
                    "substitutions": [
                        {
                            "minute": "78",
                            "in": "18. Olivier Giroud",
                            "out": "22. Willian"
                        },
                        {
                            "minute": "82",
                            "in": "33. Emerson",
                            "out": "11. Pedro"
                        },
                        {
                            "minute": "85",
                            "in": "33. Gabriel Jesus",
                            "out": "10. Sergio Agüero"
                        },
                        {
                            "minute": "87",
                            "in": "3. Danilo",
                            "out": "35. Oleksandr Zinchenko"
                        },
                        {
                            "minute": "90",
                            "in": "9. Álvaro Morata",
                            "out": "10. Eden Hazard"
                        },
                        {
                            "minute": "90",
                            "additional": "3",
                            "in": "47. Phil Foden",
                            "out": "21. David Silva"
                        }
                    ],
                    "goals": [
                        {
                            "own_goal": "false",
                            "assist": "David Silva",
                            "scorer": "20. Bernardo Silva",
                            "minute": "46"
                        }
                    ],
                    "cards": [
                        {
                            "player": "35. Oleksandr Zinchenko",
                            "card": "yellow",
                            "minute": "24"
                        },
                        {
                            "player": "8. Ilkay Gündogan",
                            "card": "yellow",
                            "minute": "47"
                        },
                        {
                            "player": "2. Antonio Rüdiger",
                            "card": "yellow",
                            "minute": "57"
                        }
                    ],
                    "referee": "Michael Oliver",
                    "kick_off": "16:00"
                },
                "away_team": "Chelsea",
                "score": "1-0",
                "home_team": "Man City",
                "url": "https://www.premierleague.com/match/22627"
            }
        ],
        "date": "Sunday 4 March 2018"
    }
]