[
    {
        "fixtures": [
            {
                "details": {
                    "substitutions": [
                        {
                            "minute": "27",
                            "in": "7. James Milner",
                            "out": "23. Emre Can"
                        },
                        {
                            "minute": "65",
                            "in": "19. Will Hughes",
                            "out": "11. Richarlison"
                        },
                        {
                            "minute": "70",
                            "in": "33. Stefano Okaka",
                            "out": "9. Troy Deeney"
                        },
                        {
                            "minute": "71",
                            "in": "21. Alex Oxlade-Chamberlain",
                            "out": "5. Georginio Wijnaldum"
                        },
                        {
                            "minute": "79",
                            "in": "28. Danny Ings",
                            "out": "9. Roberto Firmino"
                        },
                        {
                            "minute": "81",
                            "in": "2. Daryl Janmaat",
                            "out": "3. Miguel Britos"
                        }
                    ],
                    "goals": [
                        {
                            "own_goal": "false",
                            "assist": "Sadio Mané",
                            "scorer": "11. Mohamed Salah",
                            "minute": "4"
                        },
                        {
                            "own_goal": "false",
                            "assist": "Andrew Robertson",
                            "scorer": "11. Mohamed Salah",
                            "minute": "43"
                        },
                        {
                            "own_goal": "false",
                            "assist": "Mohamed Salah",
                            "scorer": "9. Roberto Firmino",
                            "minute": "49"
                        },
                        {
                            "own_goal": "false",
                            "assist": "Sadio Mané",
                            "scorer": "11. Mohamed Salah",
                            "minute": "77"
                        },
                        {
                            "own_goal": "false",
                            "scorer": "11. Mohamed Salah",
                            "minute": "85"
                        }
                    ],
                    "cards": [
                        {
                            "player": "12. Joseph Gomez",
                            "card": "yellow",
                            "minute": "52"
                        }
                    ],
                    "referee": "Anthony Taylor",
                    "kick_off": "17:30"
                },
                "away_team": "Watford",
                "score": "5-0",
                "home_team": "Liverpool",
                "url": "https://www.premierleague.com/match/22646"
            },
            {
                "details": {
                    "substitutions": [
                        {
                            "minute": "27",
                            "in": "7. James Milner",
                            "out": "23. Emre Can"
                        },
                        {
                            "minute": "65",
                            "in": "19. Will Hughes",
                            "out": "11. Richarlison"
                        },
                        {
                            "minute": "70",
                            "in": "33. Stefano Okaka",
                            "out": "9. Troy Deeney"
                        },
                        {
                            "minute": "71",
                            "in": "21. Alex Oxlade-Chamberlain",
                            "out": "5. Georginio Wijnaldum"
                        },
                        {
                            "minute": "79",
                            "in": "28. Danny Ings",
                            "out": "9. Roberto Firmino"
                        },
                        {
                            "minute": "81",
                            "in": "2. Daryl Janmaat",
                            "out": "3. Miguel Britos"
                        }
                    ],
                    "goals": [
                        {
                            "own_goal": "false",
                            "assist": "Sadio Mané",
                            "scorer": "11. Mohamed Salah",
                            "minute": "4"
                        },
                        {
                            "own_goal": "false",
                            "assist": "Andrew Robertson",
                            "scorer": "11. Mohamed Salah",
                            "minute": "43"
                        },
                        {
                            "own_goal": "false",
                            "assist": "Mohamed Salah",
                            "scorer": "9. Roberto Firmino",
                            "minute": "49"
                        },
                        {
                            "own_goal": "false",
                            "assist": "Sadio Mané",
                            "scorer": "11. Mohamed Salah",
                            "minute": "77"
                        },
                        {
                            "own_goal": "false",
                            "scorer": "11. Mohamed Salah",
                            "minute": "85"
                        }
                    ],
                    "cards": [
                        {
                            "player": "12. Joseph Gomez",
                            "card": "yellow",
                            "minute": "52"
                        }
                    ],
                    "referee": "Anthony Taylor",
                    "kick_off": "17:30"
                },
                "away_team": "Watford",
                "score": "5-0",
                "home_team": "Liverpool",
                "url": "https://www.premierleague.com/match/22646"
            },
            {
                "details": {
                    "substitutions": [
                        {
                            "minute": "27",
                            "in": "7. James Milner",
                            "out": "23. Emre Can"
                        },
                        {
                            "minute": "65",
                            "in": "19. Will Hughes",
                            "out": "11. Richarlison"
                        },
                        {
                            "minute": "70",
                            "in": "33. Stefano Okaka",
                            "out": "9. Troy Deeney"
                        },
                        {
                            "minute": "71",
                            "in": "21. Alex Oxlade-Chamberlain",
                            "out": "5. Georginio Wijnaldum"
                        },
                        {
                            "minute": "79",
                            "in": "28. Danny Ings",
                            "out": "9. Roberto Firmino"
                        },
                        {
                            "minute": "81",
                            "in": "2. Daryl Janmaat",
                            "out": "3. Miguel Britos"
                        }
                    ],
                    "goals": [
                        {
                            "own_goal": "false",
                            "assist": "Sadio Mané",
                            "scorer": "11. Mohamed Salah",
                            "minute": "4"
                        },
                        {
                            "own_goal": "false",
                            "assist": "Andrew Robertson",
                            "scorer": "11. Mohamed Salah",
                            "minute": "43"
                        },
                        {
                            "own_goal": "false",
                            "assist": "Mohamed Salah",
                            "scorer": "9. Roberto Firmino",
                            "minute": "49"
                        },
                        {
                            "own_goal": "false",
                            "assist": "Sadio Mané",
                            "scorer": "11. Mohamed Salah",
                            "minute": "77"
                        },
                        {
                            "own_goal": "false",
                            "scorer": "11. Mohamed Salah",
                            "minute": "85"
                        }
                    ],
                    "cards": [
                        {
                            "player": "12. Joseph Gomez",
                            "card": "yellow",
                            "minute": "52"
                        }
                    ],
                    "referee": "Anthony Taylor",
                    "kick_off": "17:30"
                },
                "away_team": "Watford",
                "score": "5-0",
                "home_team": "Liverpool",
                "url": "https://www.premierleague.com/match/22646"
            },
            {
                "details": {
                    "substitutions": [
                        {
                            "minute": "27",
                            "in": "7. James Milner",
                            "out": "23. Emre Can"
                        },
                        {
                            "minute": "65",
                            "in": "19. Will Hughes",
                            "out": "11. Richarlison"
                        },
                        {
                            "minute": "70",
                            "in": "33. Stefano Okaka",
                            "out": "9. Troy Deeney"
                        },
                        {
                            "minute": "71",
                            "in": "21. Alex Oxlade-Chamberlain",
                            "out": "5. Georginio Wijnaldum"
                        },
                        {
                            "minute": "79",
                            "in": "28. Danny Ings",
                            "out": "9. Roberto Firmino"
                        },
                        {
                            "minute": "81",
                            "in": "2. Daryl Janmaat",
                            "out": "3. Miguel Britos"
                        }
                    ],
                    "goals": [
                        {
                            "own_goal": "false",
                            "assist": "Sadio Mané",
                            "scorer": "11. Mohamed Salah",
                            "minute": "4"
                        },
                        {
                            "own_goal": "false",
                            "assist": "Andrew Robertson",
                            "scorer": "11. Mohamed Salah",
                            "minute": "43"
                        },
                        {
                            "own_goal": "false",
                            "assist": "Mohamed Salah",
                            "scorer": "9. Roberto Firmino",
                            "minute": "49"
                        },
                        {
                            "own_goal": "false",
                            "assist": "Sadio Mané",
                            "scorer": "11. Mohamed Salah",
                            "minute": "77"
                        },
                        {
                            "own_goal": "false",
                            "scorer": "11. Mohamed Salah",
                            "minute": "85"
                        }
                    ],
                    "cards": [
                        {
                            "player": "12. Joseph Gomez",
                            "card": "yellow",
                            "minute": "52"
                        }
                    ],
                    "referee": "Anthony Taylor",
                    "kick_off": "17:30"
                },
                "away_team": "Watford",
                "score": "5-0",
                "home_team": "Liverpool",
                "url": "https://www.premierleague.com/match/22646"
            }
        ],
        "date": "Saturday 17 March 2018"
    }
]